Task,Channel,Channel Name,Random Forest Accuracy,XGBoost Accuracy
AD Male vs Female,1,Fp2,1.0,1.0
AD Male vs Female,2,F3,1.0,0.6
AD Male vs Female,17,Cz,1.0,1.0
AD Male vs Female,0,Fp1,0.8,0.8
AD Male vs Female,3,F4,0.8,0.8
AD Male vs Female,6,P3,0.8,0.4
AD Male vs Female,9,O2,0.8,0.8
AD Male vs Female,10,F7,0.8,0.8
AD Male vs Female,12,T3,0.8,0.6
AD Male vs Female,13,T4,0.8,0.8
AD Male vs Female,18,Pz,0.8,0.4
AD Male vs Female,4,C3,0.6,0.6
AD Male vs Female,5,C4,0.6,0.6
AD Male vs Female,7,P4,0.6,0.6
AD Male vs Female,8,O1,0.6,0.6
AD Male vs Female,11,F8,0.6,0.4
AD Male vs Female,14,T5,0.6,0.6
AD Male vs Female,15,T6,0.6,0.6
AD Male vs Female,16,Fz,0.4,0.6
AD vs FTD,16,Fz,0.7272727272727273,0.7272727272727273
AD vs FTD,0,Fp1,0.6363636363636364,0.5454545454545454
AD vs FTD,1,Fp2,0.6363636363636364,0.8181818181818182
AD vs FTD,4,C3,0.6363636363636364,0.5454545454545454
AD vs FTD,6,P3,0.6363636363636364,0.6363636363636364
AD vs FTD,11,F8,0.6363636363636364,0.6363636363636364
AD vs FTD,3,F4,0.5454545454545454,0.5454545454545454
AD vs FTD,10,F7,0.5454545454545454,0.36363636363636365
AD vs FTD,15,T6,0.5454545454545454,0.36363636363636365
AD vs FTD,17,Cz,0.5454545454545454,0.45454545454545453
AD vs FTD,18,Pz,0.5454545454545454,0.8181818181818182
AD vs FTD,7,P4,0.45454545454545453,0.36363636363636365
AD vs FTD,12,T3,0.45454545454545453,0.6363636363636364
AD vs FTD,13,T4,0.45454545454545453,0.45454545454545453
AD vs FTD,2,F3,0.36363636363636365,0.2727272727272727
AD vs FTD,5,C4,0.36363636363636365,0.45454545454545453
AD vs FTD,8,O1,0.36363636363636365,0.36363636363636365
AD vs FTD,9,O2,0.36363636363636365,0.36363636363636365
AD vs FTD,14,T5,0.2727272727272727,0.45454545454545453
FTD Male vs Female,18,Pz,1.0,0.6666666666666666
FTD Male vs Female,8,O1,0.8333333333333334,0.3333333333333333
FTD Male vs Female,13,T4,0.8333333333333334,0.8333333333333334
FTD Male vs Female,5,C4,0.6666666666666666,0.6666666666666666
FTD Male vs Female,6,P3,0.6666666666666666,0.6666666666666666
FTD Male vs Female,7,P4,0.6666666666666666,0.6666666666666666
FTD Male vs Female,9,O2,0.6666666666666666,0.6666666666666666
FTD Male vs Female,10,F7,0.6666666666666666,0.6666666666666666
FTD Male vs Female,11,F8,0.6666666666666666,0.6666666666666666
FTD Male vs Female,16,Fz,0.6666666666666666,0.6666666666666666
FTD Male vs Female,17,Cz,0.6666666666666666,0.6666666666666666
FTD Male vs Female,0,Fp1,0.5,0.16666666666666666
FTD Male vs Female,1,Fp2,0.5,0.5
FTD Male vs Female,2,F3,0.5,0.6666666666666666
FTD Male vs Female,3,F4,0.5,0.5
FTD Male vs Female,4,C3,0.5,0.3333333333333333
FTD Male vs Female,12,T3,0.5,0.5
FTD Male vs Female,14,T5,0.5,0.5
FTD Male vs Female,15,T6,0.5,0.5
Healthy vs AD,9,O2,0.75,0.4166666666666667
Healthy vs AD,15,T6,0.6666666666666666,0.5
Healthy vs AD,4,C3,0.5833333333333334,0.5
Healthy vs AD,6,P3,0.5833333333333334,0.5
Healthy vs AD,8,O1,0.5833333333333334,0.4166666666666667
Healthy vs AD,0,Fp1,0.5,0.5
Healthy vs AD,1,Fp2,0.5,0.5
Healthy vs AD,2,F3,0.5,0.4166666666666667
Healthy vs AD,3,F4,0.5,0.5
Healthy vs AD,7,P4,0.5,0.5833333333333334
Healthy vs AD,12,T3,0.5,0.5
Healthy vs AD,14,T5,0.5,0.5
Healthy vs AD,17,Cz,0.5,0.4166666666666667
Healthy vs AD,5,C4,0.4166666666666667,0.5
Healthy vs AD,13,T4,0.4166666666666667,0.3333333333333333
Healthy vs AD,16,Fz,0.4166666666666667,0.5
Healthy vs AD,11,F8,0.3333333333333333,0.5
Healthy vs AD,18,Pz,0.3333333333333333,0.25
Healthy vs AD,10,F7,0.0,0.25
Healthy vs FTD,17,Cz,0.8461538461538461,0.8461538461538461
Healthy vs FTD,18,Pz,0.8461538461538461,0.7692307692307693
Healthy vs FTD,4,C3,0.7692307692307693,0.6923076923076923
Healthy vs FTD,11,F8,0.7692307692307693,0.7692307692307693
Healthy vs FTD,5,C4,0.6923076923076923,0.5384615384615384
Healthy vs FTD,9,O2,0.6923076923076923,0.6923076923076923
Healthy vs FTD,13,T4,0.6923076923076923,0.6923076923076923
Healthy vs FTD,15,T6,0.6923076923076923,0.5384615384615384
Healthy vs FTD,16,Fz,0.6923076923076923,0.6923076923076923
Healthy vs FTD,0,Fp1,0.6153846153846154,0.6153846153846154
Healthy vs FTD,1,Fp2,0.6153846153846154,0.6923076923076923
Healthy vs FTD,2,F3,0.6153846153846154,0.5384615384615384
Healthy vs FTD,7,P4,0.6153846153846154,0.6153846153846154
Healthy vs FTD,8,O1,0.6153846153846154,0.6153846153846154
Healthy vs FTD,14,T5,0.6153846153846154,0.6153846153846154
Healthy vs FTD,3,F4,0.5384615384615384,0.38461538461538464
Healthy vs FTD,6,P3,0.5384615384615384,0.46153846153846156
Healthy vs FTD,10,F7,0.5384615384615384,0.6153846153846154
Healthy vs FTD,12,T3,0.46153846153846156,0.6153846153846154
Healthy vs Patient,8,O1,0.8333333333333334,0.6111111111111112
Healthy vs Patient,13,T4,0.8333333333333334,0.8333333333333334
Healthy vs Patient,17,Cz,0.7777777777777778,0.7777777777777778
Healthy vs Patient,3,F4,0.6666666666666666,0.5
Healthy vs Patient,10,F7,0.6666666666666666,0.6111111111111112
Healthy vs Patient,12,T3,0.6666666666666666,0.6666666666666666
Healthy vs Patient,15,T6,0.6666666666666666,0.8333333333333334
Healthy vs Patient,1,Fp2,0.6111111111111112,0.7222222222222222
Healthy vs Patient,9,O2,0.6111111111111112,0.6666666666666666
Healthy vs Patient,11,F8,0.6111111111111112,0.5
Healthy vs Patient,14,T5,0.6111111111111112,0.5
Healthy vs Patient,18,Pz,0.6111111111111112,0.7222222222222222
Healthy vs Patient,0,Fp1,0.5555555555555556,0.7777777777777778
Healthy vs Patient,2,F3,0.5555555555555556,0.5555555555555556
Healthy vs Patient,4,C3,0.5555555555555556,0.6666666666666666
Healthy vs Patient,16,Fz,0.5555555555555556,0.5
Healthy vs Patient,5,C4,0.5,0.5555555555555556
Healthy vs Patient,6,P3,0.5,0.5555555555555556
Healthy vs Patient,7,P4,0.4444444444444444,0.5555555555555556
