Subject,Channel,Degree_Centrality,Clustering_Coefficient,Betweenness_Centrality,Eigenvector_Centrality,Connectivity_Type
sub-001,0,0.05555555555555555,0.0,0.0,,MI
sub-001,1,0.05555555555555555,0.0,0.0,,MI
sub-001,2,0.38888888888888884,1.0,0.0,,MI
sub-001,3,0.38888888888888884,1.0,0.0,,MI
sub-001,4,0.5,0.9166666666666666,0.0029567382508558977,,MI
sub-001,5,0.4444444444444444,0.9642857142857143,0.0009337068160597572,,MI
sub-001,6,0.4444444444444444,0.9642857142857143,0.0009337068160597572,,MI
sub-001,7,0.0,0.0,0.0,,MI
sub-001,8,0.0,0.0,0.0,,MI
sub-001,9,0.0,0.0,0.0,,MI
sub-001,10,0.0,0.0,0.0,,MI
sub-001,11,0.0,0.0,0.0,,MI
sub-001,12,0.611111111111111,0.7272727272727273,0.03569872393401805,,MI
sub-001,13,0.5,0.9166666666666666,0.002956738250855898,,MI
sub-001,14,0.1111111111111111,1.0,0.0,,MI
sub-001,15,0.611111111111111,0.7272727272727273,0.03569872393401805,,MI
sub-001,16,0.5555555555555556,0.8666666666666667,0.006286959228135699,,MI
sub-001,17,0.5555555555555556,0.8666666666666667,0.006286959228135699,,MI
sub-001,18,0.5555555555555556,0.8666666666666667,0.006286959228135699,,MI
sub-002,0,0.0,0.0,0.0,,MI
sub-002,1,0.0,0.0,0.0,,MI
sub-002,2,0.38888888888888884,0.6666666666666666,0.022720199190787424,,MI
sub-002,3,0.4444444444444444,0.8928571428571429,0.003485838779956427,,MI
sub-002,4,0.16666666666666666,1.0,0.0,,MI
sub-002,5,0.611111111111111,0.6909090909090909,0.03482726423902895,,MI
sub-002,6,0.0,0.0,0.0,,MI
sub-002,7,0.5555555555555556,0.7333333333333333,0.022564581388110797,,MI
sub-002,8,0.0,0.0,0.0,,MI
sub-002,9,0.0,0.0,0.0,,MI
sub-002,10,0.16666666666666666,0.6666666666666666,0.0013071895424836603,,MI
sub-002,11,0.4444444444444444,0.9285714285714286,0.0021786492374727667,,MI
sub-002,12,0.4444444444444444,0.7142857142857143,0.0193588546529723,,MI
sub-002,13,0.0,0.0,0.0,,MI
sub-002,14,0.4444444444444444,0.75,0.023498288204170558,,MI
sub-002,15,0.5555555555555556,0.7333333333333333,0.022564581388110797,,MI
sub-002,16,0.4444444444444444,0.8928571428571429,0.003485838779956427,,MI
sub-002,17,0.5555555555555556,0.8,0.010239651416122004,,MI
sub-002,18,0.5555555555555556,0.8,0.010239651416122004,,MI
sub-003,0,0.5555555555555556,0.7777777777777778,0.018207282913165267,,MI
sub-003,1,0.0,0.0,0.0,,MI
sub-003,2,0.0,0.0,0.0,,MI
sub-003,3,0.0,0.0,0.0,,MI
sub-003,4,0.16666666666666666,1.0,0.0,,MI
sub-003,5,0.0,0.0,0.0,,MI
sub-003,6,0.0,0.0,0.0,,MI
sub-003,7,0.0,0.0,0.0,,MI
sub-003,8,0.4444444444444444,0.9642857142857143,0.0009337068160597572,,MI
sub-003,9,0.0,0.0,0.0,,MI
sub-003,10,0.5555555555555556,0.8666666666666667,0.006286959228135699,,MI
sub-003,11,0.38888888888888884,1.0,0.0,,MI
sub-003,12,0.611111111111111,0.7454545454545455,0.024805477746654217,,MI
sub-003,13,0.5555555555555556,0.8666666666666667,0.006286959228135699,,MI
sub-003,14,0.611111111111111,0.7454545454545455,0.024805477746654217,,MI
sub-003,15,0.5,0.9166666666666666,0.002956738250855898,,MI
sub-003,16,0.5555555555555556,0.8666666666666667,0.006286959228135699,,MI
sub-003,17,0.4444444444444444,0.9642857142857143,0.0009337068160597572,,MI
sub-003,18,0.38888888888888884,1.0,0.0,,MI
sub-004,0,0.0,0.0,0.0,,MI
sub-004,1,0.16666666666666666,1.0,0.0,,MI
sub-004,2,0.611111111111111,0.6545454545454545,0.059284470068783804,,MI
sub-004,3,0.38888888888888884,0.9047619047619048,0.0035848682907506438,,MI
sub-004,4,0.5555555555555556,0.7555555555555555,0.02159383826050493,,MI
sub-004,5,0.5555555555555556,0.6888888888888889,0.043674807400297604,,MI
sub-004,6,0.1111111111111111,1.0,0.0,,MI
sub-004,7,0.0,0.0,0.0,,MI
sub-004,8,0.0,0.0,0.0,,MI
sub-004,9,0.0,0.0,0.0,,MI
sub-004,10,0.4444444444444444,0.7857142857142857,0.01379252555723144,,MI
sub-004,11,0.5555555555555556,0.7555555555555555,0.02159383826050493,,MI
sub-004,12,0.3333333333333333,1.0,0.0,,MI
sub-004,13,0.4444444444444444,0.8571428571428571,0.008379456418672106,,MI
sub-004,14,0.5,0.6111111111111112,0.05804007176556197,,MI
sub-004,15,0.16666666666666666,1.0,0.0,,MI
sub-004,16,0.5,0.7222222222222222,0.021091000502765207,,MI
sub-004,17,0.0,0.0,0.0,,MI
sub-004,18,0.4444444444444444,0.6428571428571429,0.043082770533750925,,MI
sub-005,0,0.0,0.0,0.0,,MI
sub-005,1,0.0,0.0,0.0,,MI
sub-005,2,0.0,0.0,0.0,,MI
sub-005,3,0.0,0.0,0.0,,MI
sub-005,4,0.38888888888888884,0.6666666666666666,0.0729847494553377,,MI
sub-005,5,0.5555555555555556,0.8,0.01591192032368503,,MI
sub-005,6,0.5555555555555556,0.7777777777777778,0.012099284158107688,,MI
sub-005,7,0.4444444444444444,0.8571428571428571,0.008877995642701524,,MI
sub-005,8,0.5555555555555556,0.7333333333333333,0.021739807033924682,,MI
sub-005,9,0.0,0.0,0.0,,MI
sub-005,10,0.4444444444444444,0.8214285714285714,0.006162464985994398,,MI
sub-005,11,0.0,0.0,0.0,,MI
sub-005,12,0.611111111111111,0.7272727272727273,0.027131963896669786,,MI
sub-005,13,0.38888888888888884,0.9047619047619048,0.004793028322440088,,MI
sub-005,14,0.2777777777777778,0.9,0.0008169934640522876,,MI
sub-005,15,0.4444444444444444,0.8928571428571429,0.003213507625272331,,MI
sub-005,16,0.05555555555555555,0.0,0.0,,MI
sub-005,17,0.4444444444444444,0.9285714285714286,0.0017507002801120449,,MI
sub-005,18,0.611111111111111,0.7272727272727273,0.027131963896669786,,MI
sub-006,0,0.1111111111111111,1.0,0.0,,MI
sub-006,1,0.1111111111111111,1.0,0.0,,MI
sub-006,2,0.4444444444444444,0.75,0.02494223278537004,,MI
sub-006,3,0.3333333333333333,0.8666666666666667,0.0029411764705882353,,MI
sub-006,4,0.38888888888888884,0.8095238095238095,0.017825311942959002,,MI
sub-006,5,0.0,0.0,0.0,,MI
sub-006,6,0.16666666666666666,0.6666666666666666,0.0032679738562091504,,MI
sub-006,7,0.6666666666666666,0.45454545454545453,0.2717270746682511,,MI
sub-006,8,0.3333333333333333,0.4,0.16612200435729846,,MI
sub-006,9,0.1111111111111111,1.0,0.0,,MI
sub-006,10,0.3333333333333333,0.7333333333333333,0.02421271538918597,,MI
sub-006,11,0.38888888888888884,0.6666666666666666,0.03020400079223608,,MI
sub-006,12,0.16666666666666666,0.6666666666666666,0.0016339869281045752,,MI
sub-006,13,0.5,0.6388888888888888,0.0449296890473361,,MI
sub-006,14,0.16666666666666666,0.6666666666666666,0.028322440087145975,,MI
sub-006,15,0.3333333333333333,0.4666666666666667,0.06508219449395922,,MI
sub-006,16,0.5,0.5,0.2025054466230937,,MI
sub-006,17,0.38888888888888884,0.8095238095238095,0.006427015250544663,,MI
sub-006,18,0.3333333333333333,0.6,0.05756915560837128,,MI
sub-007,0,0.16666666666666666,0.3333333333333333,0.011111111111111113,,MI
sub-007,1,0.1111111111111111,0.0,0.0032679738562091504,,MI
sub-007,2,0.3333333333333333,0.6,0.022564581388110797,,MI
sub-007,3,0.5,0.6944444444444444,0.04226579520697168,,MI
sub-007,4,0.5,0.75,0.033457827575474636,,MI
sub-007,5,0.05555555555555555,0.0,0.0,,MI
sub-007,6,0.38888888888888884,0.8095238095238095,0.00522875816993464,,MI
sub-007,7,0.0,0.0,0.0,,MI
sub-007,8,0.1111111111111111,1.0,0.0,,MI
sub-007,9,0.0,0.0,0.0,,MI
sub-007,10,0.5555555555555556,0.6222222222222222,0.06557734204793027,,MI
sub-007,11,0.5,0.7222222222222222,0.06918767507002802,,MI
sub-007,12,0.5,0.8055555555555556,0.011889200124494242,,MI
sub-007,13,0.5555555555555556,0.6666666666666666,0.05328353563647681,,MI
sub-007,14,0.2222222222222222,1.0,0.0,,MI
sub-007,15,0.611111111111111,0.6181818181818182,0.06722689075630252,,MI
sub-007,16,0.05555555555555555,0.0,0.0,,MI
sub-007,17,0.5,0.8333333333333334,0.007096171802054155,,MI
sub-007,18,0.1111111111111111,1.0,0.0,,MI
sub-008,0,0.5,0.8333333333333334,0.013071895424836602,,MI
sub-008,1,0.16666666666666666,1.0,0.0,,MI
sub-008,2,0.4444444444444444,1.0,0.0,,MI
sub-008,3,0.611111111111111,0.7090909090909091,0.03236850295673825,,MI
sub-008,4,0.6666666666666666,0.6060606060606061,0.0683162153750389,,MI
sub-008,5,0.5,0.9444444444444444,0.0018674136321195143,,MI
sub-008,6,0.4444444444444444,0.8571428571428571,0.006535947712418301,,MI
sub-008,7,0.0,0.0,0.0,,MI
sub-008,8,0.0,0.0,0.0,,MI
sub-008,9,0.0,0.0,0.0,,MI
sub-008,10,0.0,0.0,0.0,,MI
sub-008,11,0.5,0.9444444444444444,0.0018674136321195143,,MI
sub-008,12,0.2222222222222222,1.0,0.0,,MI
sub-008,13,0.0,0.0,0.0,,MI
sub-008,14,0.1111111111111111,1.0,0.0,,MI
sub-008,15,0.0,0.0,0.0,,MI
sub-008,16,0.611111111111111,0.6909090909090909,0.042172424525365695,,MI
sub-008,17,0.5,0.9444444444444444,0.0018674136321195143,,MI
sub-008,18,0.5,0.9444444444444444,0.0018674136321195143,,MI
sub-009,0,0.0,0.0,0.0,,MI
sub-009,1,0.0,0.0,0.0,,MI
sub-009,2,0.16666666666666666,1.0,0.0,,MI
sub-009,3,0.4444444444444444,0.7142857142857143,0.03681257014590348,,MI
sub-009,4,0.4444444444444444,0.75,0.02030104971281442,,MI
sub-009,5,0.3333333333333333,0.9333333333333333,0.0010893246187363833,,MI
sub-009,6,0.38888888888888884,0.7619047619047619,0.026064567241037825,,MI
sub-009,7,0.0,0.0,0.0,,MI
sub-009,8,0.0,0.0,0.0,,MI
sub-009,9,0.5555555555555556,0.6222222222222222,0.040711031887502476,,MI
sub-009,10,0.16666666666666666,1.0,0.0,,MI
sub-009,11,0.1111111111111111,1.0,0.0,,MI
sub-009,12,0.6666666666666666,0.5151515151515151,0.09354327589621707,,MI
sub-009,13,0.5555555555555556,0.6444444444444445,0.05615633458770713,,MI
sub-009,14,0.38888888888888884,0.7619047619047619,0.015943751237868887,,MI
sub-009,15,0.16666666666666666,1.0,0.0,,MI
sub-009,16,0.38888888888888884,0.8571428571428571,0.005301379811183733,,MI
sub-009,17,0.3333333333333333,0.8,0.015762197134746157,,MI
sub-009,18,0.6666666666666666,0.5151515151515151,0.09354327589621707,,MI
sub-010,0,0.0,0.0,0.0,,MI
sub-010,1,0.0,0.0,0.0,,MI
sub-010,2,0.4444444444444444,0.8214285714285714,0.010955493308434485,,MI
sub-010,3,0.05555555555555555,0.0,0.0,,MI
sub-010,4,0.0,0.0,0.0,,MI
sub-010,5,0.4444444444444444,0.7857142857142857,0.021413009648303765,,MI
sub-010,6,0.38888888888888884,0.6666666666666666,0.09243697478991597,,MI
sub-010,7,0.4444444444444444,0.75,0.015577342047930286,,MI
sub-010,8,0.4444444444444444,0.75,0.02233115468409586,,MI
sub-010,9,0.05555555555555555,0.0,0.0,,MI
sub-010,10,0.38888888888888884,0.7619047619047619,0.01797385620915033,,MI
sub-010,11,0.611111111111111,0.5636363636363636,0.1203236850295674,,MI
sub-010,12,0.4444444444444444,0.5714285714285714,0.06542172424525367,,MI
sub-010,13,0.3333333333333333,0.7333333333333333,0.0303921568627451,,MI
sub-010,14,0.1111111111111111,1.0,0.0,,MI
sub-010,15,0.611111111111111,0.6545454545454545,0.06912542794895737,,MI
sub-010,16,0.05555555555555555,0.0,0.0,,MI
sub-010,17,0.5,0.75,0.027077497665732957,,MI
sub-010,18,0.4444444444444444,0.5714285714285714,0.10174291938997822,,MI
sub-011,0,0.0,0.0,0.0,,MI
sub-011,1,0.0,0.0,0.0,,MI
sub-011,2,0.5555555555555556,0.9111111111111111,0.004707438530967942,,MI
sub-011,3,0.38888888888888884,1.0,0.0,,MI
sub-011,4,0.5555555555555556,0.9111111111111111,0.004707438530967942,,MI
sub-011,5,0.5555555555555556,0.9111111111111111,0.004707438530967942,,MI
sub-011,6,0.5555555555555556,0.7777777777777778,0.0661764705882353,,MI
sub-011,7,0.0,0.0,0.0,,MI
sub-011,8,0.5,0.9722222222222222,0.0008169934640522876,,MI
sub-011,9,0.0,0.0,0.0,,MI
sub-011,10,0.5555555555555556,0.9111111111111111,0.004707438530967942,,MI
sub-011,11,0.0,0.0,0.0,,MI
sub-011,12,0.0,0.0,0.0,,MI
sub-011,13,0.5555555555555556,0.9111111111111111,0.004707438530967942,,MI
sub-011,14,0.05555555555555555,0.0,0.0,,MI
sub-011,15,0.0,0.0,0.0,,MI
sub-011,16,0.5555555555555556,0.9111111111111111,0.004707438530967942,,MI
sub-011,17,0.5,0.9444444444444444,0.0028011204481792713,,MI
sub-011,18,0.4444444444444444,1.0,0.0,,MI
sub-012,0,0.5555555555555556,0.7111111111111111,0.03520074696545285,,MI
sub-012,1,0.2777777777777778,0.8,0.00392156862745098,,MI
sub-012,2,0.5555555555555556,0.6444444444444445,0.11243386243386244,,MI
sub-012,3,0.16666666666666666,1.0,0.0,,MI
sub-012,4,0.05555555555555555,0.0,0.0,,MI
sub-012,5,0.5555555555555556,0.6888888888888889,0.07605042016806722,,MI
sub-012,6,0.05555555555555555,0.0,0.0,,MI
sub-012,7,0.4444444444444444,0.9642857142857143,0.0018674136321195143,,MI
sub-012,8,0.0,0.0,0.0,,MI
sub-012,9,0.0,0.0,0.0,,MI
sub-012,10,0.611111111111111,0.6545454545454545,0.05382819794584501,,MI
sub-012,11,0.3333333333333333,0.6,0.02516339869281046,,MI
sub-012,12,0.38888888888888884,1.0,0.0,,MI
sub-012,13,0.1111111111111111,1.0,0.0,,MI
sub-012,14,0.0,0.0,0.0,,MI
sub-012,15,0.5555555555555556,0.6666666666666666,0.103828197945845,,MI
sub-012,16,0.5555555555555556,0.7555555555555555,0.023327108621226268,,MI
sub-012,17,0.05555555555555555,0.0,0.0,,MI
sub-012,18,0.5,0.6666666666666666,0.10032679738562092,,MI
sub-013,0,0.2222222222222222,0.6666666666666666,0.023560535325241203,,MI
sub-013,1,0.2222222222222222,0.6666666666666666,0.023560535325241203,,MI
sub-013,2,0.611111111111111,0.43636363636363634,0.1519919078742608,,MI
sub-013,3,0.16666666666666666,0.3333333333333333,0.006535947712418301,,MI
sub-013,4,0.7222222222222222,0.3717948717948718,0.21878306878306883,,MI
sub-013,5,0.05555555555555555,0.0,0.0,,MI
sub-013,6,0.2222222222222222,1.0,0.0,,MI
sub-013,7,0.5555555555555556,0.5777777777777777,0.06673669467787115,,MI
sub-013,8,0.16666666666666666,1.0,0.0,,MI
sub-013,9,0.38888888888888884,0.7619047619047619,0.014106753812636168,,MI
sub-013,10,0.3333333333333333,0.8666666666666667,0.0051742919389978215,,MI
sub-013,11,0.2222222222222222,0.5,0.03784624961095549,,MI
sub-013,12,0.38888888888888884,0.6666666666666666,0.0303921568627451,,MI
sub-013,13,0.05555555555555555,0.0,0.0,,MI
sub-013,14,0.1111111111111111,1.0,0.0,,MI
sub-013,15,0.4444444444444444,0.75,0.013834422657952067,,MI
sub-013,16,0.5,0.5277777777777778,0.06107220666044195,,MI
sub-013,17,0.1111111111111111,1.0,0.0,,MI
sub-013,18,0.2777777777777778,1.0,0.0,,MI
sub-014,0,0.0,0.0,0.0,,MI
sub-014,1,0.0,0.0,0.0,,MI
sub-014,2,0.4444444444444444,1.0,0.0,,MI
sub-014,3,0.0,0.0,0.0,,MI
sub-014,4,0.4444444444444444,1.0,0.0,,MI
sub-014,5,0.3333333333333333,1.0,0.0,,MI
sub-014,6,0.5555555555555556,0.8666666666666667,0.012138188608776844,,MI
sub-014,7,0.5555555555555556,0.8666666666666667,0.012138188608776844,,MI
sub-014,8,0.05555555555555555,0.0,0.0,,MI
sub-014,9,0.0,0.0,0.0,,MI
sub-014,10,0.05555555555555555,0.0,0.0,,MI
sub-014,11,0.0,0.0,0.0,,MI
sub-014,12,0.5,0.9444444444444444,0.005602240896358543,,MI
sub-014,13,0.5555555555555556,0.8666666666666667,0.012138188608776844,,MI
sub-014,14,0.611111111111111,0.7090909090909091,0.09056956115779646,,MI
sub-014,15,0.05555555555555555,0.0,0.0,,MI
sub-014,16,0.5,0.5833333333333334,0.1503267973856209,,MI
sub-014,17,0.5555555555555556,0.8666666666666667,0.012138188608776844,,MI
sub-014,18,0.5555555555555556,0.8666666666666667,0.012138188608776844,,MI
sub-015,0,0.5,0.7777777777777778,0.03272217978100331,,MI
sub-015,1,0.0,0.0,0.0,,MI
sub-015,2,0.5555555555555556,0.7555555555555555,0.043063690122513654,,MI
sub-015,3,0.38888888888888884,0.7142857142857143,0.14379084967320263,,MI
sub-015,4,0.5555555555555556,0.8444444444444444,0.021881277763630705,,MI
sub-015,5,0.0,0.0,0.0,,MI
sub-015,6,0.0,0.0,0.0,,MI
sub-015,7,0.1111111111111111,0.0,0.0784313725490196,,MI
sub-015,8,0.05555555555555555,0.0,0.0,,MI
sub-015,9,0.5,0.9166666666666666,0.002956738250855898,,MI
sub-015,10,0.1111111111111111,1.0,0.0,,MI
sub-015,11,0.5,0.8888888888888888,0.01495628554452084,,MI
sub-015,12,0.5555555555555556,0.8444444444444444,0.021881277763630705,,MI
sub-015,13,0.4444444444444444,0.9285714285714286,0.0083184789067142,,MI
sub-015,14,0.38888888888888884,1.0,0.0,,MI
sub-015,15,0.0,0.0,0.0,,MI
sub-015,16,0.5555555555555556,0.8444444444444444,0.021881277763630705,,MI
sub-015,17,0.5555555555555556,0.8444444444444444,0.021881277763630705,,MI
sub-015,18,0.0,0.0,0.0,,MI
sub-016,0,0.4444444444444444,1.0,0.0,,MI
sub-016,1,0.5,0.9444444444444444,0.0018674136321195143,,MI
sub-016,2,0.05555555555555555,0.0,0.0,,MI
sub-016,3,0.5555555555555556,0.8666666666666667,0.0077497665732959835,,MI
sub-016,4,0.05555555555555555,0.0,0.0,,MI
sub-016,5,0.05555555555555555,0.0,0.0,,MI
sub-016,6,0.0,0.0,0.0,,MI
sub-016,7,0.611111111111111,0.7090909090909091,0.07964519140989729,,MI
sub-016,8,0.4444444444444444,0.9285714285714286,0.00326797385620915,,MI
sub-016,9,0.05555555555555555,0.0,0.0,,MI
sub-016,10,0.0,0.0,0.0,,MI
sub-016,11,0.4444444444444444,1.0,0.0,,MI
sub-016,12,0.3333333333333333,1.0,0.0,,MI
sub-016,13,0.0,0.0,0.0,,MI
sub-016,14,0.5555555555555556,0.8666666666666667,0.0077497665732959835,,MI
sub-016,15,0.0,0.0,0.0,,MI
sub-016,16,0.5555555555555556,0.8666666666666667,0.0077497665732959835,,MI
sub-016,17,0.5555555555555556,0.7555555555555555,0.07376283846872082,,MI
sub-016,18,0.5555555555555556,0.8666666666666667,0.0077497665732959835,,MI
sub-017,0,0.2222222222222222,0.6666666666666666,0.005446623093681917,,MI
sub-017,1,0.16666666666666666,1.0,0.0,,MI
sub-017,2,0.2777777777777778,0.8,0.004357298474945533,,MI
sub-017,3,0.5,0.5555555555555556,0.0917145309302172,,MI
sub-017,4,0.5,0.6944444444444444,0.032783955332974936,,MI
sub-017,5,0.0,0.0,0.0,,MI
sub-017,6,0.38888888888888884,0.6190476190476191,0.06999688764394646,,MI
sub-017,7,0.5555555555555556,0.6222222222222222,0.06151100170708014,,MI
sub-017,8,0.1111111111111111,1.0,0.0,,MI
sub-017,9,0.2777777777777778,0.6,0.029349517584811705,,MI
sub-017,10,0.16666666666666666,0.6666666666666666,0.0039347725622235425,,MI
sub-017,11,0.16666666666666666,1.0,0.0,,MI
sub-017,12,0.5,0.5555555555555556,0.0971611540238991,,MI
sub-017,13,0.0,0.0,0.0,,MI
sub-017,14,0.5555555555555556,0.5555555555555556,0.08955097190391309,,MI
sub-017,15,0.2222222222222222,1.0,0.0,,MI
sub-017,16,0.4444444444444444,0.7857142857142857,0.021309736015618367,,MI
sub-017,17,0.05555555555555555,0.0,0.0,,MI
sub-017,18,0.6666666666666666,0.45454545454545453,0.19222995595544612,,MI
sub-018,0,0.0,0.0,0.0,,MI
sub-018,1,0.2777777777777778,1.0,0.0,,MI
sub-018,2,0.2777777777777778,1.0,0.0,,MI
sub-018,3,0.38888888888888884,0.8571428571428571,0.006725282705674863,,MI
sub-018,4,0.5,0.75,0.02362198440629813,,MI
sub-018,5,0.5555555555555556,0.5777777777777777,0.06671265372245763,,MI
sub-018,6,0.1111111111111111,1.0,0.0,,MI
sub-018,7,0.0,0.0,0.0,,MI
sub-018,8,0.05555555555555555,0.0,0.0,,MI
sub-018,9,0.05555555555555555,0.0,0.0,,MI
sub-018,10,0.16666666666666666,1.0,0.0,,MI
sub-018,11,0.5555555555555556,0.6888888888888889,0.040717497825340954,,MI
sub-018,12,0.3333333333333333,0.9333333333333333,0.0017156862745098041,,MI
sub-018,13,0.38888888888888884,0.7619047619047619,0.014179475208886974,,MI
sub-018,14,0.5555555555555556,0.6222222222222222,0.05517050124893262,,MI
sub-018,15,0.5555555555555556,0.6888888888888889,0.03659362605441036,,MI
sub-018,16,0.0,0.0,0.0,,MI
sub-018,17,0.5,0.6944444444444444,0.03159490291843233,,MI
sub-018,18,0.5,0.75,0.02362198440629813,,MI
sub-019,0,0.0,0.0,0.0,,MI
sub-019,1,0.05555555555555555,0.0,0.0,,MI
sub-019,2,0.2777777777777778,1.0,0.0,,MI
sub-019,3,0.5,0.7777777777777778,0.0384112619406737,,MI
sub-019,4,0.5,0.7777777777777778,0.0384112619406737,,MI
sub-019,5,0.05555555555555555,0.0,0.0,,MI
sub-019,6,0.4444444444444444,0.6785714285714286,0.033182503770739065,,MI
sub-019,7,0.0,0.0,0.0,,MI
sub-019,8,0.2777777777777778,1.0,0.0,,MI
sub-019,9,0.2777777777777778,1.0,0.0,,MI
sub-019,10,0.0,0.0,0.0,,MI
sub-019,11,0.4444444444444444,0.7142857142857143,0.09929612870789341,,MI
sub-019,12,0.38888888888888884,0.9523809523809523,0.007792860734037205,,MI
sub-019,13,0.5,0.6388888888888888,0.04881850175967823,,MI
sub-019,14,0.4444444444444444,0.8571428571428571,0.021141277023629966,,MI
sub-019,15,0.5,0.7777777777777778,0.0384112619406737,,MI
sub-019,16,0.05555555555555555,0.0,0.0,,MI
sub-019,17,0.4444444444444444,0.5357142857142857,0.17647058823529413,,MI
sub-019,18,0.611111111111111,0.5818181818181818,0.12551533433886378,,MI
sub-020,0,0.38888888888888884,1.0,0.0,,MI
sub-020,1,0.38888888888888884,1.0,0.0,,MI
sub-020,2,0.38888888888888884,1.0,0.0,,MI
sub-020,3,0.38888888888888884,1.0,0.0,,MI
sub-020,4,0.38888888888888884,0.5238095238095238,0.1519607843137255,,MI
sub-020,5,0.3333333333333333,0.6666666666666666,0.06372549019607843,,MI
sub-020,6,0.16666666666666666,0.6666666666666666,0.026143790849673203,,MI
sub-020,7,0.0,0.0,0.0,,MI
sub-020,8,0.1111111111111111,1.0,0.0,,MI
sub-020,9,0.2777777777777778,0.7,0.00980392156862745,,MI
sub-020,10,0.38888888888888884,1.0,0.0,,MI
sub-020,11,0.38888888888888884,1.0,0.0,,MI
sub-020,12,0.1111111111111111,1.0,0.0,,MI
sub-020,13,0.5555555555555556,0.5333333333333333,0.4084967320261438,,MI
sub-020,14,0.38888888888888884,0.38095238095238093,0.4607843137254902,,MI
sub-020,15,0.1111111111111111,1.0,0.0,,MI
sub-020,16,0.4444444444444444,0.7857142857142857,0.0196078431372549,,MI
sub-020,17,0.2777777777777778,0.9,0.01797385620915033,,MI
sub-020,18,0.2777777777777778,0.9,0.01797385620915033,,MI
sub-021,0,0.1111111111111111,1.0,0.0,,MI
sub-021,1,0.4444444444444444,0.6785714285714286,0.052941176470588235,,MI
sub-021,2,0.5,0.8888888888888888,0.010706504824151883,,MI
sub-021,3,0.5,0.8888888888888888,0.010706504824151883,,MI
sub-021,4,0.5555555555555556,0.8,0.034235916588857766,,MI
sub-021,5,0.5555555555555556,0.8,0.034235916588857766,,MI
sub-021,6,0.0,0.0,0.0,,MI
sub-021,7,0.0,0.0,0.0,,MI
sub-021,8,0.05555555555555555,0.0,0.0,,MI
sub-021,9,0.05555555555555555,0.0,0.0,,MI
sub-021,10,0.05555555555555555,0.0,0.0,,MI
sub-021,11,0.5,0.8888888888888888,0.010706504824151883,,MI
sub-021,12,0.5,0.8333333333333334,0.026330532212885154,,MI
sub-021,13,0.38888888888888884,1.0,0.0,,MI
sub-021,14,0.4444444444444444,0.75,0.1568627450980392,,MI
sub-021,15,0.05555555555555555,0.0,0.0,,MI
sub-021,16,0.5555555555555556,0.8,0.034235916588857766,,MI
sub-021,17,0.38888888888888884,0.47619047619047616,0.11269841269841269,,MI
sub-021,18,0.1111111111111111,0.0,0.08496732026143791,,MI
sub-022,0,0.0,0.0,0.0,,MI
sub-022,1,0.0,0.0,0.0,,MI
sub-022,2,0.3333333333333333,0.8666666666666667,0.005279034690799397,,MI
sub-022,3,0.38888888888888884,0.6190476190476191,0.0902463549522373,,MI
sub-022,4,0.4444444444444444,0.7142857142857143,0.03539467068878834,,MI
sub-022,5,0.4444444444444444,0.7142857142857143,0.03137254901960785,,MI
sub-022,6,0.0,0.0,0.0,,MI
sub-022,7,0.5555555555555556,0.6222222222222222,0.07739232445114798,,MI
sub-022,8,0.5,0.75,0.025104742751801575,,MI
sub-022,9,0.38888888888888884,0.9047619047619048,0.005228758169934641,,MI
sub-022,10,0.05555555555555555,0.0,0.0,,MI
sub-022,11,0.0,0.0,0.0,,MI
sub-022,12,0.2777777777777778,1.0,0.0,,MI
sub-022,13,0.4444444444444444,0.8214285714285714,0.013641695994637172,,MI
sub-022,14,0.5555555555555556,0.6666666666666666,0.060231271995977886,,MI
sub-022,15,0.5555555555555556,0.6666666666666666,0.060231271995977886,,MI
sub-022,16,0.5,0.6666666666666666,0.05339366515837104,,MI
sub-022,17,0.2222222222222222,1.0,0.0,,MI
sub-022,18,0.1111111111111111,1.0,0.0,,MI
sub-023,0,0.3333333333333333,0.8666666666666667,0.0026143790849673205,,MI
sub-023,1,0.2777777777777778,0.9,0.0010893246187363833,,MI
sub-023,2,0.611111111111111,0.7454545454545455,0.021241830065359478,,MI
sub-023,3,0.0,0.0,0.0,,MI
sub-023,4,0.5555555555555556,0.8,0.012527233115468411,,MI
sub-023,5,0.0,0.0,0.0,,MI
sub-023,6,0.4444444444444444,1.0,0.0,,MI
sub-023,7,0.0,0.0,0.0,,MI
sub-023,8,0.0,0.0,0.0,,MI
sub-023,9,0.0,0.0,0.0,,MI
sub-023,10,0.5555555555555556,0.8,0.012527233115468411,,MI
sub-023,11,0.5555555555555556,0.8,0.014052287581699347,,MI
sub-023,12,0.5555555555555556,0.8222222222222222,0.010457516339869282,,MI
sub-023,13,0.5,0.9166666666666666,0.0032679738562091504,,MI
sub-023,14,0.5,0.9166666666666666,0.0032679738562091504,,MI
sub-023,15,0.0,0.0,0.0,,MI
sub-023,16,0.3333333333333333,1.0,0.0,,MI
sub-023,17,0.5555555555555556,0.8222222222222222,0.010457516339869282,,MI
sub-023,18,0.0,0.0,0.0,,MI
sub-024,0,0.16666666666666666,1.0,0.0,,MI
sub-024,1,0.0,0.0,0.0,,MI
sub-024,2,0.6666666666666666,0.5757575757575758,0.07419078742608155,,MI
sub-024,3,0.2777777777777778,0.7,0.00784313725490196,,MI
sub-024,4,0.0,0.0,0.0,,MI
sub-024,5,0.38888888888888884,0.9523809523809523,0.0008169934640522876,,MI
sub-024,6,0.4444444444444444,0.9285714285714286,0.0017507002801120449,,MI
sub-024,7,0.0,0.0,0.0,,MI
sub-024,8,0.4444444444444444,0.7857142857142857,0.010076252723311547,,MI
sub-024,9,0.0,0.0,0.0,,MI
sub-024,10,0.2222222222222222,1.0,0.0,,MI
sub-024,11,0.4444444444444444,0.5714285714285714,0.029030501089324617,,MI
sub-024,12,0.6666666666666666,0.5606060606060606,0.07331932773109244,,MI
sub-024,13,0.1111111111111111,1.0,0.0,,MI
sub-024,14,0.611111111111111,0.6181818181818182,0.0507703081232493,,MI
sub-024,15,0.4444444444444444,0.8214285714285714,0.005944600062247121,,MI
sub-024,16,0.0,0.0,0.0,,MI
sub-024,17,0.4444444444444444,0.8214285714285714,0.005944600062247121,,MI
sub-024,18,0.4444444444444444,0.9285714285714286,0.0017507002801120449,,MI
sub-025,0,0.05555555555555555,0.0,0.0,,MI
sub-025,1,0.05555555555555555,0.0,0.0,,MI
sub-025,2,0.5,0.75,0.02342047930283224,,MI
sub-025,3,0.0,0.0,0.0,,MI
sub-025,4,0.611111111111111,0.6545454545454545,0.0838001867413632,,MI
sub-025,5,0.5555555555555556,0.7333333333333333,0.053843759726112675,,MI
sub-025,6,0.2222222222222222,1.0,0.0,,MI
sub-025,7,0.1111111111111111,0.0,0.09150326797385622,,MI
sub-025,8,0.05555555555555555,0.0,0.0,,MI
sub-025,9,0.05555555555555555,0.0,0.0,,MI
sub-025,10,0.4444444444444444,0.75,0.23529411764705882,,MI
sub-025,11,0.1111111111111111,0.0,0.16993464052287582,,MI
sub-025,12,0.4444444444444444,0.9642857142857143,0.0037348272642390283,,MI
sub-025,13,0.4444444444444444,0.9642857142857143,0.0037348272642390283,,MI
sub-025,14,0.3333333333333333,0.6,0.09313725490196079,,MI
sub-025,15,0.5,0.8333333333333334,0.01680672268907563,,MI
sub-025,16,0.5555555555555556,0.7333333333333333,0.05765639589169002,,MI
sub-025,17,0.5,0.8333333333333334,0.01680672268907563,,MI
sub-025,18,0.2222222222222222,1.0,0.0,,MI
sub-026,0,0.1111111111111111,0.0,0.11111111111111112,0.04879690991152994,MI
sub-026,1,0.05555555555555555,0.0,0.0,0.006184291793117087,MI
sub-026,2,0.4444444444444444,0.8571428571428571,0.005228758169934641,0.318320314542608,MI
sub-026,3,0.16666666666666666,1.0,0.0,0.10792747055249256,MI
sub-026,4,0.5,0.7777777777777778,0.01699346405228758,0.3436270801689071,MI
sub-026,5,0.5,0.6388888888888888,0.0738562091503268,0.31636541559363696,MI
sub-026,6,0.3333333333333333,0.6666666666666666,0.08278867102396516,0.22498879935457408,MI
sub-026,7,0.1111111111111111,1.0,0.0,0.02269604884704347,MI
sub-026,8,0.16666666666666666,0.0,0.1328976034858388,0.024211143119270778,MI
sub-026,9,0.05555555555555555,0.0,0.0,0.003068406871786803,MI
sub-026,10,0.3333333333333333,1.0,0.0,0.2613286153004634,MI
sub-026,11,0.3333333333333333,1.0,0.0,0.2533412245368475,MI
sub-026,12,0.5,0.7777777777777778,0.01699346405228758,0.34362708016890703,MI
sub-026,13,0.5555555555555556,0.6666666666666666,0.09760348583877997,0.3612174207276906,MI
sub-026,14,0.1111111111111111,0.0,0.0196078431372549,0.03158243343441975,MI
sub-026,15,0.38888888888888884,0.2857142857142857,0.363834422657952,0.1563862273433321,MI
sub-026,16,0.6666666666666666,0.48484848484848486,0.34052287581699353,0.3788457967877775,MI
sub-026,17,0.3333333333333333,1.0,0.0,0.2533412245368477,MI
sub-026,18,0.1111111111111111,1.0,0.0,0.02269604884704344,MI
sub-027,0,0.05555555555555555,0.0,0.0,,MI
sub-027,1,0.05555555555555555,0.0,0.0,,MI
sub-027,2,0.5,0.9444444444444444,0.0037348272642390287,,MI
sub-027,3,0.0,0.0,0.0,,MI
sub-027,4,0.5555555555555556,0.8888888888888888,0.008216619981325864,,MI
sub-027,5,0.38888888888888884,1.0,0.0,,MI
sub-027,6,0.5555555555555556,0.8888888888888888,0.008216619981325864,,MI
sub-027,7,0.0,0.0,0.0,,MI
sub-027,8,0.4444444444444444,0.75,0.06535947712418301,,MI
sub-027,9,0.0,0.0,0.0,,MI
sub-027,10,0.5,0.9444444444444444,0.0037348272642390287,,MI
sub-027,11,0.0,0.0,0.0,,MI
sub-027,12,0.5555555555555556,0.8888888888888888,0.008216619981325864,,MI
sub-027,13,0.0,0.0,0.0,,MI
sub-027,14,0.5555555555555556,0.8888888888888888,0.008216619981325864,,MI
sub-027,15,0.05555555555555555,0.0,0.0,,MI
sub-027,16,0.5,0.9444444444444444,0.0018674136321195143,,MI
sub-027,17,0.5555555555555556,0.8888888888888888,0.008216619981325864,,MI
sub-027,18,0.5,0.9444444444444444,0.0018674136321195143,,MI
sub-028,0,0.0,0.0,0.0,,MI
sub-028,1,0.0,0.0,0.0,,MI
sub-028,2,0.38888888888888884,1.0,0.0,,MI
sub-028,3,0.0,0.0,0.0,,MI
sub-028,4,0.5,0.8055555555555556,0.013398692810457519,,MI
sub-028,5,0.5555555555555556,0.7111111111111111,0.029738562091503266,,MI
sub-028,6,0.0,0.0,0.0,,MI
sub-028,7,0.05555555555555555,0.0,0.0,,MI
sub-028,8,0.2777777777777778,0.8,0.004357298474945533,,MI
sub-028,9,0.2222222222222222,0.8333333333333334,0.0021786492374727667,,MI
sub-028,10,0.6666666666666666,0.5606060606060606,0.11034858387799562,,MI
sub-028,11,0.2222222222222222,0.8333333333333334,0.0021786492374727667,,MI
sub-028,12,0.2777777777777778,1.0,0.0,,MI
sub-028,13,0.5,0.75,0.029411764705882353,,MI
sub-028,14,0.5,0.7222222222222222,0.04444444444444444,,MI
sub-028,15,0.4444444444444444,0.6428571428571429,0.021786492374727667,,MI
sub-028,16,0.5,0.6111111111111112,0.11764705882352941,,MI
sub-028,17,0.1111111111111111,1.0,0.0,,MI
sub-028,18,0.5555555555555556,0.7111111111111111,0.029738562091503266,,MI
sub-029,0,0.0,0.0,0.0,,MI
sub-029,1,0.4444444444444444,1.0,0.0,,MI
sub-029,2,0.4444444444444444,0.75,0.06535947712418301,,MI
sub-029,3,0.5,0.9722222222222222,0.0008169934640522876,,MI
sub-029,4,0.5555555555555556,0.9111111111111111,0.006419234360410832,,MI
sub-029,5,0.5555555555555556,0.9111111111111111,0.006419234360410832,,MI
sub-029,6,0.0,0.0,0.0,,MI
sub-029,7,0.0,0.0,0.0,,MI
sub-029,8,0.0,0.0,0.0,,MI
sub-029,9,0.0,0.0,0.0,,MI
sub-029,10,0.05555555555555555,0.0,0.0,,MI
sub-029,11,0.0,0.0,0.0,,MI
sub-029,12,0.5555555555555556,0.9111111111111111,0.006419234360410832,,MI
sub-029,13,0.5555555555555556,0.9111111111111111,0.006419234360410832,,MI
sub-029,14,0.4444444444444444,1.0,0.0,,MI
sub-029,15,0.0,0.0,0.0,,MI
sub-029,16,0.5555555555555556,0.9111111111111111,0.006419234360410832,,MI
sub-029,17,0.5555555555555556,0.9111111111111111,0.006419234360410832,,MI
sub-029,18,0.5555555555555556,0.9111111111111111,0.006419234360410832,,MI
sub-030,0,0.05555555555555555,0.0,0.0,,MI
sub-030,1,0.05555555555555555,0.0,0.0,,MI
sub-030,2,0.4444444444444444,0.9285714285714286,0.0021786492374727667,,MI
sub-030,3,0.5,0.8055555555555556,0.01786492374727669,,MI
sub-030,4,0.4444444444444444,0.9285714285714286,0.0021786492374727667,,MI
sub-030,5,0.611111111111111,0.6363636363636364,0.06470588235294118,,MI
sub-030,6,0.16666666666666666,1.0,0.0,,MI
sub-030,7,0.3333333333333333,0.5333333333333333,0.08823529411764706,,MI
sub-030,8,0.2777777777777778,0.7,0.011328976034858386,,MI
sub-030,9,0.0,0.0,0.0,,MI
sub-030,10,0.38888888888888884,1.0,0.0,,MI
sub-030,11,0.0,0.0,0.0,,MI
sub-030,12,0.6666666666666666,0.5606060606060606,0.1093681917211329,,MI
sub-030,13,0.5555555555555556,0.7111111111111111,0.04509803921568628,,MI
sub-030,14,0.5,0.6944444444444444,0.028322440087145975,,MI
sub-030,15,0.05555555555555555,0.0,0.0,,MI
sub-030,16,0.38888888888888884,0.8571428571428571,0.00980392156862745,,MI
sub-030,17,0.05555555555555555,0.0,0.0,,MI
sub-030,18,0.2777777777777778,0.6,0.08496732026143791,,MI
sub-031,0,0.0,0.0,0.0,,MI
sub-031,1,0.0,0.0,0.0,,MI
sub-031,2,0.5555555555555556,0.9333333333333333,0.0024509803921568627,,MI
sub-031,3,0.0,0.0,0.0,,MI
sub-031,4,0.5555555555555556,0.9333333333333333,0.0024509803921568627,,MI
sub-031,5,0.5555555555555556,0.9333333333333333,0.0024509803921568627,,MI
sub-031,6,0.0,0.0,0.0,,MI
sub-031,7,0.5555555555555556,0.9333333333333333,0.0024509803921568627,,MI
sub-031,8,0.4444444444444444,1.0,0.0,,MI
sub-031,9,0.0,0.0,0.0,,MI
sub-031,10,0.4444444444444444,1.0,0.0,,MI
sub-031,11,0.0,0.0,0.0,,MI
sub-031,12,0.5555555555555556,0.9333333333333333,0.0024509803921568627,,MI
sub-031,13,0.5555555555555556,0.9333333333333333,0.0024509803921568627,,MI
sub-031,14,0.0,0.0,0.0,,MI
sub-031,15,0.0,0.0,0.0,,MI
sub-031,16,0.5555555555555556,0.9333333333333333,0.0024509803921568627,,MI
sub-031,17,0.5555555555555556,0.9333333333333333,0.0024509803921568627,,MI
sub-031,18,0.4444444444444444,1.0,0.0,,MI
sub-032,0,0.0,0.0,0.0,,MI
sub-032,1,0.0,0.0,0.0,,MI
sub-032,2,0.16666666666666666,0.6666666666666666,0.004901960784313725,,MI
sub-032,3,0.3333333333333333,0.9333333333333333,0.005010893246187364,,MI
sub-032,4,0.611111111111111,0.4,0.22491441020852787,,MI
sub-032,5,0.5,0.75,0.023327108621226274,,MI
sub-032,6,0.3333333333333333,0.9333333333333333,0.0013071895424836603,,MI
sub-032,7,0.38888888888888884,0.8571428571428571,0.0040305010893246195,,MI
sub-032,8,0.5,0.75,0.023327108621226274,,MI
sub-032,9,0.3333333333333333,0.4666666666666667,0.07681294740118272,,MI
sub-032,10,0.16666666666666666,0.6666666666666666,0.0032679738562091504,,MI
sub-032,11,0.0,0.0,0.0,,MI
sub-032,12,0.2777777777777778,0.7,0.01626206037970744,,MI
sub-032,13,0.5,0.6666666666666666,0.03870214752567693,,MI
sub-032,14,0.5,0.75,0.023327108621226274,,MI
sub-032,15,0.3333333333333333,0.7333333333333333,0.013180827886710239,,MI
sub-032,16,0.16666666666666666,0.3333333333333333,0.019172113289760352,,MI
sub-032,17,0.1111111111111111,0.0,0.004357298474945533,,MI
sub-032,18,0.5555555555555556,0.6222222222222222,0.06711795829442888,,MI
sub-033,0,0.05555555555555555,0.0,0.0,,MI
sub-033,1,0.2222222222222222,0.3333333333333333,0.10021786492374728,,MI
sub-033,2,0.3333333333333333,1.0,0.0,,MI
sub-033,3,0.3333333333333333,1.0,0.0,,MI
sub-033,4,0.1111111111111111,1.0,0.0,,MI
sub-033,5,0.4444444444444444,0.5357142857142857,0.07374727668845316,,MI
sub-033,6,0.4444444444444444,0.7142857142857143,0.03349673202614378,,MI
sub-033,7,0.3333333333333333,0.7333333333333333,0.030991285403050118,,MI
sub-033,8,0.0,0.0,0.0,,MI
sub-033,9,0.0,0.0,0.0,,MI
sub-033,10,0.4444444444444444,0.7142857142857143,0.021786492374727667,,MI
sub-033,11,0.3333333333333333,0.7333333333333333,0.029193899782135078,,MI
sub-033,12,0.3333333333333333,0.8,0.007625272331154683,,MI
sub-033,13,0.6666666666666666,0.4696969696969697,0.15403050108932465,,MI
sub-033,14,0.16666666666666666,0.6666666666666666,0.00800653594771242,,MI
sub-033,15,0.16666666666666666,0.6666666666666666,0.0021786492374727667,,MI
sub-033,16,0.4444444444444444,0.6785714285714286,0.06481481481481481,,MI
sub-033,17,0.611111111111111,0.4,0.1732570806100218,,MI
sub-033,18,0.3333333333333333,1.0,0.0,,MI
sub-034,0,0.2777777777777778,1.0,0.0,,MI
sub-034,1,0.5,0.8888888888888888,0.00522875816993464,,MI
sub-034,2,0.05555555555555555,0.0,0.0,,MI
sub-034,3,0.5,0.8888888888888888,0.00522875816993464,,MI
sub-034,4,0.2777777777777778,0.6,0.08496732026143791,,MI
sub-034,5,0.05555555555555555,0.0,0.0,,MI
sub-034,6,0.0,0.0,0.0,,MI
sub-034,7,0.2777777777777778,0.6,0.08496732026143791,,MI
sub-034,8,0.5,0.8611111111111112,0.016339869281045753,,MI
sub-034,9,0.05555555555555555,0.0,0.0,,MI
sub-034,10,0.0,0.0,0.0,,MI
sub-034,11,0.5,0.8611111111111112,0.016339869281045753,,MI
sub-034,12,0.0,0.0,0.0,,MI
sub-034,13,0.5,0.8611111111111112,0.016339869281045753,,MI
sub-034,14,0.5555555555555556,0.7777777777777778,0.028104575163398694,,MI
sub-034,15,0.0,0.0,0.0,,MI
sub-034,16,0.5555555555555556,0.7777777777777778,0.028104575163398694,,MI
sub-034,17,0.5,0.8611111111111112,0.016339869281045753,,MI
sub-034,18,0.6666666666666666,0.5757575757575758,0.1620915032679739,,MI
sub-035,0,0.05555555555555555,0.0,0.0,,MI
sub-035,1,0.05555555555555555,0.0,0.0,,MI
sub-035,2,0.1111111111111111,1.0,0.0,,MI
sub-035,3,0.2222222222222222,0.6666666666666666,0.00980392156862745,,MI
sub-035,4,0.0,0.0,0.0,,MI
sub-035,5,0.3333333333333333,1.0,0.0,,MI
sub-035,6,0.5555555555555556,0.7555555555555555,0.02273576097105509,,MI
sub-035,7,0.1111111111111111,1.0,0.0,,MI
sub-035,8,0.0,0.0,0.0,,MI
sub-035,9,0.0,0.0,0.0,,MI
sub-035,10,0.5,0.75,0.02906940553999377,,MI
sub-035,11,0.4444444444444444,0.8571428571428571,0.007096171802054156,,MI
sub-035,12,0.3333333333333333,1.0,0.0,,MI
sub-035,13,0.4444444444444444,0.6428571428571429,0.0758481170245876,,MI
sub-035,14,0.611111111111111,0.6363636363636364,0.07567693744164332,,MI
sub-035,15,0.5555555555555556,0.7555555555555555,0.02273576097105509,,MI
sub-035,16,0.38888888888888884,0.7619047619047619,0.01895424836601307,,MI
sub-035,17,0.5555555555555556,0.7555555555555555,0.02273576097105509,,MI
sub-035,18,0.5,0.75,0.02906940553999377,,MI
sub-036,0,0.0,0.0,0.0,,MI
sub-036,1,0.0,0.0,0.0,,MI
sub-036,2,0.16666666666666666,0.6666666666666666,0.0009337068160597572,,MI
sub-036,3,0.38888888888888884,0.6190476190476191,0.029345273462920523,,MI
sub-036,4,0.0,0.0,0.0,,MI
sub-036,5,0.611111111111111,0.6545454545454545,0.03481736128794952,,MI
sub-036,6,0.4444444444444444,0.8928571428571429,0.0033952975129445716,,MI
sub-036,7,0.5,0.75,0.013886766827943299,,MI
sub-036,8,0.5,0.6944444444444444,0.02451263333616275,,MI
sub-036,9,0.4444444444444444,0.8928571428571429,0.0033952975129445716,,MI
sub-036,10,0.0,0.0,0.0,,MI
sub-036,11,0.1111111111111111,1.0,0.0,,MI
sub-036,12,0.0,0.0,0.0,,MI
sub-036,13,0.5555555555555556,0.6222222222222222,0.05983928925105396,,MI
sub-036,14,0.38888888888888884,0.9047619047619048,0.0018674136321195143,,MI
sub-036,15,0.2777777777777778,1.0,0.0,,MI
sub-036,16,0.5,0.5833333333333334,0.034583934583934585,,MI
sub-036,17,0.2222222222222222,1.0,0.0,,MI
sub-036,18,0.6666666666666666,0.5757575757575758,0.06139688198511728,,MI
sub-037,0,0.5,0.7777777777777778,0.027233115468409584,,MI
sub-037,1,0.3333333333333333,0.4,0.11002178649237472,,MI
sub-037,2,0.38888888888888884,1.0,0.0,,MI
sub-037,3,0.0,0.0,0.0,,MI
sub-037,4,0.4444444444444444,0.8928571428571429,0.003921568627450981,,MI
sub-037,5,0.5555555555555556,0.6888888888888889,0.03605664488017429,,MI
sub-037,6,0.6666666666666666,0.5454545454545454,0.1340958605664488,,MI
sub-037,7,0.3333333333333333,1.0,0.0,,MI
sub-037,8,0.05555555555555555,0.0,0.0,,MI
sub-037,9,0.05555555555555555,0.0,0.0,,MI
sub-037,10,0.6666666666666666,0.5454545454545454,0.1275599128540305,,MI
sub-037,11,0.5,0.8333333333333334,0.0077342047930283216,,MI
sub-037,12,0.5,0.7777777777777778,0.027233115468409588,,MI
sub-037,13,0.0,0.0,0.0,,MI
sub-037,14,0.0,0.0,0.0,,MI
sub-037,15,0.2777777777777778,0.5,0.09477124183006536,,MI
sub-037,16,0.1111111111111111,1.0,0.0,,MI
sub-037,17,0.2777777777777778,1.0,0.0,,MI
sub-037,18,0.1111111111111111,1.0,0.0,,MI
sub-038,0,0.5,1.0,0.0,,MI
sub-038,1,0.5,1.0,0.0,,MI
sub-038,2,0.5555555555555556,0.9333333333333333,0.0028011204481792717,,MI
sub-038,3,0.5,1.0,0.0,,MI
sub-038,4,0.0,0.0,0.0,,MI
sub-038,5,0.5555555555555556,0.9333333333333333,0.0028011204481792717,,MI
sub-038,6,0.0,0.0,0.0,,MI
sub-038,7,0.0,0.0,0.0,,MI
sub-038,8,0.38888888888888884,1.0,0.0,,MI
sub-038,9,0.0,0.0,0.0,,MI
sub-038,10,0.5555555555555556,0.9333333333333333,0.0028011204481792717,,MI
sub-038,11,0.5555555555555556,0.9333333333333333,0.0028011204481792717,,MI
sub-038,12,0.5555555555555556,0.9333333333333333,0.0028011204481792717,,MI
sub-038,13,0.5555555555555556,0.9333333333333333,0.0028011204481792717,,MI
sub-038,14,0.0,0.0,0.0,,MI
sub-038,15,0.0,0.0,0.0,,MI
sub-038,16,0.5555555555555556,0.9333333333333333,0.0028011204481792717,,MI
sub-038,17,0.0,0.0,0.0,,MI
sub-038,18,0.0,0.0,0.0,,MI
sub-039,0,0.2222222222222222,0.8333333333333334,0.0009337068160597572,,MI
sub-039,1,0.611111111111111,0.6727272727272727,0.029800809212573918,,MI
sub-039,2,0.4444444444444444,0.75,0.011328976034858388,,MI
sub-039,3,0.2777777777777778,1.0,0.0,,MI
sub-039,4,0.5555555555555556,0.7555555555555555,0.015639589169000937,,MI
sub-039,5,0.0,0.0,0.0,,MI
sub-039,6,0.5,0.7777777777777778,0.01263616557734205,,MI
sub-039,7,0.0,0.0,0.0,,MI
sub-039,8,0.0,0.0,0.0,,MI
sub-039,9,0.0,0.0,0.0,,MI
sub-039,10,0.6666666666666666,0.6060606060606061,0.05376595082477436,,MI
sub-039,11,0.2777777777777778,1.0,0.0,,MI
sub-039,12,0.5,0.8055555555555556,0.010737628384687208,,MI
sub-039,13,0.0,0.0,0.0,,MI
sub-039,14,0.2222222222222222,1.0,0.0,,MI
sub-039,15,0.0,0.0,0.0,,MI
sub-039,16,0.4444444444444444,0.8214285714285714,0.008714596949891067,,MI
sub-039,17,0.5,0.8333333333333334,0.007905384375972612,,MI
sub-039,18,0.5555555555555556,0.7333333333333333,0.01847183317771553,,MI
sub-040,0,0.2777777777777778,0.6,0.00980392156862745,,MI
sub-040,1,0.16666666666666666,0.6666666666666666,0.0196078431372549,,MI
sub-040,2,0.2222222222222222,0.8333333333333334,0.0196078431372549,,MI
sub-040,3,0.2777777777777778,0.7,0.06100217864923748,,MI
sub-040,4,0.38888888888888884,0.9523809523809523,0.00789760348583878,,MI
sub-040,5,0.5,0.6944444444444444,0.03758169934640523,,MI
sub-040,6,0.38888888888888884,0.9523809523809523,0.00789760348583878,,MI
sub-040,7,0.38888888888888884,0.9523809523809523,0.00789760348583878,,MI
sub-040,8,0.05555555555555555,0.0,0.0,,MI
sub-040,9,0.2222222222222222,1.0,0.0,,MI
sub-040,10,0.3333333333333333,0.6,0.06862745098039216,,MI
sub-040,11,0.16666666666666666,1.0,0.0,,MI
sub-040,12,0.2777777777777778,0.7,0.08006535947712419,,MI
sub-040,13,0.3333333333333333,0.3333333333333333,0.4357298474945534,,MI
sub-040,14,0.5555555555555556,0.4666666666666667,0.40795206971677567,,MI
sub-040,15,0.0,0.0,0.0,,MI
sub-040,16,0.5,0.6944444444444444,0.03758169934640523,,MI
sub-040,17,0.3333333333333333,1.0,0.0,,MI
sub-040,18,0.38888888888888884,0.9523809523809523,0.00789760348583878,,MI
sub-041,0,0.5,0.6944444444444444,0.021241830065359478,,MI
sub-041,1,0.3333333333333333,0.8666666666666667,0.0032679738562091504,,MI
sub-041,2,0.5,0.7222222222222222,0.027828852338656267,,MI
sub-041,3,0.3333333333333333,0.7333333333333333,0.03497011340148595,,MI
sub-041,4,0.3333333333333333,0.8,0.009564509564509565,,MI
sub-041,5,0.0,0.0,0.0,,MI
sub-041,6,0.38888888888888884,0.9047619047619048,0.005503283934656484,,MI
sub-041,7,0.5,0.6944444444444444,0.0316414885042336,,MI
sub-041,8,0.3333333333333333,0.8,0.009564509564509565,,MI
sub-041,9,0.16666666666666666,1.0,0.0,,MI
sub-041,10,0.4444444444444444,0.8214285714285714,0.013122969985715084,,MI
sub-041,11,0.16666666666666666,1.0,0.0,,MI
sub-041,12,0.0,0.0,0.0,,MI
sub-041,13,0.611111111111111,0.5272727272727272,0.09252675429146018,,MI
sub-041,14,0.6666666666666666,0.5303030303030303,0.11776397168554029,,MI
sub-041,15,0.38888888888888884,0.7142857142857143,0.044768448690017316,,MI
sub-041,16,0.0,0.0,0.0,,MI
sub-041,17,0.0,0.0,0.0,,MI
sub-041,18,0.1111111111111111,1.0,0.0,,MI
sub-042,0,0.5,0.8611111111111112,0.018681917211328974,0.34255415398440764,MI
sub-042,1,0.05555555555555555,0.0,0.0,0.004537000796526664,MI
sub-042,2,0.4444444444444444,0.9285714285714286,0.007352941176470587,0.31608461836874235,MI
sub-042,3,0.4444444444444444,0.7142857142857143,0.4714052287581699,0.2861054690107033,MI
sub-042,4,0.16666666666666666,0.3333333333333333,0.20915032679738563,0.08344846627171494,MI
sub-042,5,0.5,0.6944444444444444,0.14531590413943357,0.318035277684411,MI
sub-042,6,0.2222222222222222,0.16666666666666666,0.45098039215686275,0.03697655993435738,MI
sub-042,7,0.16666666666666666,0.6666666666666666,0.09803921568627451,0.0053582608577532834,MI
sub-042,8,0.16666666666666666,0.3333333333333333,0.11111111111111112,0.0013350092644139034,MI
sub-042,9,0.05555555555555555,0.0,0.0,0.00016380480246864162,MI
sub-042,10,0.5,0.8611111111111112,0.018681917211328974,0.3425541539844078,MI
sub-042,11,0.4444444444444444,0.8571428571428571,0.017864923747276686,0.3077962030215484,MI
sub-042,12,0.5555555555555556,0.7111111111111111,0.16574074074074072,0.35167420418675127,MI
sub-042,13,0.4444444444444444,0.9285714285714286,0.007352941176470587,0.3160846183687426,MI
sub-042,14,0.3333333333333333,0.9333333333333333,0.0008169934640522876,0.24219627096835628,MI
sub-042,15,0.4444444444444444,0.8928571428571429,0.002995642701525054,0.3112857993085223,MI
sub-042,16,0.05555555555555555,0.0,0.0,0.0012755313614648699,MI
sub-042,17,0.1111111111111111,0.0,0.11111111111111112,0.010395581563808398,MI
sub-042,18,0.16666666666666666,0.6666666666666666,0.09803921568627451,0.005358260857753313,MI
sub-043,0,0.2222222222222222,1.0,0.0,,MI
sub-043,1,0.4444444444444444,0.6428571428571429,0.018518518518518514,,MI
sub-043,2,0.3333333333333333,0.7333333333333333,0.00708061002178649,,MI
sub-043,3,0.3333333333333333,0.5333333333333333,0.032679738562091505,,MI
sub-043,4,0.7777777777777777,0.4065934065934066,0.2327886710239651,,MI
sub-043,5,0.2777777777777778,0.8,0.0032679738562091504,,MI
sub-043,6,0.2777777777777778,0.6,0.00784313725490196,,MI
sub-043,7,0.5,0.5833333333333334,0.03213507625272331,,MI
sub-043,8,0.3333333333333333,0.8,0.004901960784313725,,MI
sub-043,9,0.0,0.0,0.0,,MI
sub-043,10,0.5,0.6388888888888888,0.023965141612200435,,MI
sub-043,11,0.2222222222222222,0.6666666666666666,0.013071895424836602,,MI
sub-043,12,0.3333333333333333,0.7333333333333333,0.008932461873638345,,MI
sub-043,13,0.4444444444444444,0.7142857142857143,0.01383442265795207,,MI
sub-043,14,0.5,0.6388888888888888,0.022549019607843137,,MI
sub-043,15,0.0,0.0,0.0,,MI
sub-043,16,0.0,0.0,0.0,,MI
sub-043,17,0.2222222222222222,0.3333333333333333,0.09477124183006536,,MI
sub-043,18,0.05555555555555555,0.0,0.0,,MI
sub-044,0,0.05555555555555555,0.0,0.0,,MI
sub-044,1,0.3333333333333333,0.6666666666666666,0.09150326797385622,,MI
sub-044,2,0.2777777777777778,0.7,0.042483660130718956,,MI
sub-044,3,0.5,0.75,0.029530600118835418,,MI
sub-044,4,0.611111111111111,0.5454545454545454,0.1312586650821945,,MI
sub-044,5,0.0,0.0,0.0,,MI
sub-044,6,0.2777777777777778,0.7,0.042483660130718956,,MI
sub-044,7,0.5,0.7222222222222222,0.03612101406219053,,MI
sub-044,8,0.0,0.0,0.0,,MI
sub-044,9,0.2777777777777778,0.9,0.0016339869281045752,,MI
sub-044,10,0.0,0.0,0.0,,MI
sub-044,11,0.5555555555555556,0.6444444444444445,0.07897108338284808,,MI
sub-044,12,0.1111111111111111,1.0,0.0,,MI
sub-044,13,0.5,0.6944444444444444,0.04161220043572984,,MI
sub-044,14,0.4444444444444444,0.75,0.025351554763319465,,MI
sub-044,15,0.1111111111111111,1.0,0.0,,MI
sub-044,16,0.5555555555555556,0.6666666666666666,0.0635719944543474,,MI
sub-044,17,0.4444444444444444,0.7142857142857143,0.03639334521687463,,MI
sub-044,18,0.2222222222222222,1.0,0.0,,MI
sub-045,0,0.5,0.9444444444444444,0.0037348272642390287,,MI
sub-045,1,0.5,0.9444444444444444,0.0037348272642390287,,MI
sub-045,2,0.4444444444444444,1.0,0.0,,MI
sub-045,3,0.5,0.7777777777777778,0.14379084967320263,,MI
sub-045,4,0.611111111111111,0.7090909090909091,0.050140056022408966,,MI
sub-045,5,0.0,0.0,0.0,,MI
sub-045,6,0.5555555555555556,0.8444444444444444,0.014192343604108312,,MI
sub-045,7,0.611111111111111,0.7090909090909091,0.050140056022408966,,MI
sub-045,8,0.1111111111111111,0.0,0.0784313725490196,,MI
sub-045,9,0.0,0.0,0.0,,MI
sub-045,10,0.2777777777777778,1.0,0.0,,MI
sub-045,11,0.5,0.9444444444444444,0.0037348272642390287,,MI
sub-045,12,0.5555555555555556,0.8444444444444444,0.014192343604108312,,MI
sub-045,13,0.0,0.0,0.0,,MI
sub-045,14,0.0,0.0,0.0,,MI
sub-045,15,0.1111111111111111,1.0,0.0,,MI
sub-045,16,0.0,0.0,0.0,,MI
sub-045,17,0.4444444444444444,0.8928571428571429,0.00392156862745098,,MI
sub-045,18,0.05555555555555555,0.0,0.0,,MI
sub-046,0,0.4444444444444444,0.5357142857142857,0.1238562091503268,,MI
sub-046,1,0.1111111111111111,1.0,0.0,,MI
sub-046,2,0.38888888888888884,0.7619047619047619,0.042483660130718956,,MI
sub-046,3,0.38888888888888884,0.6666666666666666,0.042156862745098035,,MI
sub-046,4,0.38888888888888884,0.8571428571428571,0.006535947712418301,,MI
sub-046,5,0.1111111111111111,1.0,0.0,,MI
sub-046,6,0.5,0.6111111111111112,0.044335511982570804,,MI
sub-046,7,0.3333333333333333,0.8,0.010348583877995645,,MI
sub-046,8,0.38888888888888884,0.7619047619047619,0.011111111111111113,,MI
sub-046,9,0.2777777777777778,0.8,0.006535947712418301,,MI
sub-046,10,0.3333333333333333,1.0,0.0,,MI
sub-046,11,0.16666666666666666,0.6666666666666666,0.0032679738562091504,,MI
sub-046,12,0.4444444444444444,0.6428571428571429,0.03594771241830066,,MI
sub-046,13,0.0,0.0,0.0,,MI
sub-046,14,0.6666666666666666,0.5151515151515151,0.19575163398692816,,MI
sub-046,15,0.0,0.0,0.0,,MI
sub-046,16,0.4444444444444444,0.7142857142857143,0.023420479302832243,,MI
sub-046,17,0.0,0.0,0.0,,MI
sub-046,18,0.38888888888888884,0.7619047619047619,0.042483660130718956,,MI
sub-047,0,0.16666666666666666,1.0,0.0,,MI
sub-047,1,0.2222222222222222,0.5,0.015193956370426958,,MI
sub-047,2,0.611111111111111,0.6181818181818182,0.06909996321761028,,MI
sub-047,3,0.16666666666666666,0.3333333333333333,0.009648303765950824,,MI
sub-047,4,0.3333333333333333,1.0,0.0,,MI
sub-047,5,0.5555555555555556,0.7333333333333333,0.028950570127040717,,MI
sub-047,6,0.0,0.0,0.0,,MI
sub-047,7,0.4444444444444444,0.7142857142857143,0.08649520414226296,,MI
sub-047,8,0.0,0.0,0.0,,MI
sub-047,9,0.38888888888888884,0.9523809523809523,0.0015278838808250573,,MI
sub-047,10,0.611111111111111,0.6181818181818182,0.06909996321761028,,MI
sub-047,11,0.5,0.8611111111111112,0.007970460911637382,,MI
sub-047,12,0.5555555555555556,0.7333333333333333,0.028950570127040717,,MI
sub-047,13,0.5555555555555556,0.6222222222222222,0.07216421922304275,,MI
sub-047,14,0.2222222222222222,0.6666666666666666,0.0077243018419489,,MI
sub-047,15,0.38888888888888884,0.9523809523809523,0.0018674136321195143,,MI
sub-047,16,0.05555555555555555,0.0,0.0,,MI
sub-047,17,0.0,0.0,0.0,,MI
sub-047,18,0.0,0.0,0.0,,MI
sub-048,0,0.3333333333333333,1.0,0.0,,MI
sub-048,1,0.5555555555555556,0.9111111111111111,0.0054466230936819175,,MI
sub-048,2,0.5555555555555556,0.9111111111111111,0.0054466230936819175,,MI
sub-048,3,0.5555555555555556,0.9111111111111111,0.0054466230936819175,,MI
sub-048,4,0.5,1.0,0.0,,MI
sub-048,5,0.5555555555555556,0.8,0.06535947712418301,,MI
sub-048,6,0.0,0.0,0.0,,MI
sub-048,7,0.0,0.0,0.0,,MI
sub-048,8,0.0,0.0,0.0,,MI
sub-048,9,0.0,0.0,0.0,,MI
sub-048,10,0.5555555555555556,0.9111111111111111,0.0054466230936819175,,MI
sub-048,11,0.5555555555555556,0.9111111111111111,0.0054466230936819175,,MI
sub-048,12,0.5555555555555556,0.9111111111111111,0.0054466230936819175,,MI
sub-048,13,0.05555555555555555,0.0,0.0,,MI
sub-048,14,0.0,0.0,0.0,,MI
sub-048,15,0.0,0.0,0.0,,MI
sub-048,16,0.5,1.0,0.0,,MI
sub-048,17,0.5,1.0,0.0,,MI
sub-048,18,0.0,0.0,0.0,,MI
sub-049,0,0.0,0.0,0.0,,MI
sub-049,1,0.38888888888888884,0.8095238095238095,0.013112595465536645,,MI
sub-049,2,0.5,0.6944444444444444,0.05266879090408501,,MI
sub-049,3,0.05555555555555555,0.0,0.0,,MI
sub-049,4,0.3333333333333333,0.5333333333333333,0.19011128667991414,,MI
sub-049,5,0.2777777777777778,0.2,0.21314451706608573,,MI
sub-049,6,0.5,0.6944444444444444,0.07327079238843945,,MI
sub-049,7,0.2222222222222222,0.5,0.11256354393609296,,MI
sub-049,8,0.2777777777777778,0.9,0.0021367521367521365,,MI
sub-049,9,0.2222222222222222,1.0,0.0,,MI
sub-049,10,0.4444444444444444,0.6071428571428571,0.22944136473548238,,MI
sub-049,11,0.2222222222222222,0.5,0.2210309479917323,,MI
sub-049,12,0.5,0.6944444444444444,0.07327079238843945,,MI
sub-049,13,0.4444444444444444,0.7142857142857143,0.02582544543328857,,MI
sub-049,14,0.4444444444444444,0.7142857142857143,0.02582544543328857,,MI
sub-049,15,0.4444444444444444,0.6785714285714286,0.08480143676222106,,MI
sub-049,16,0.05555555555555555,0.0,0.0,,MI
sub-049,17,0.3333333333333333,0.8666666666666667,0.009593674299556652,,MI
sub-049,18,0.1111111111111111,1.0,0.0,,MI
sub-050,0,0.2222222222222222,1.0,0.0,0.0544058903446695,MI
sub-050,1,0.2777777777777778,0.8,0.004357298474945533,0.06246112610862774,MI
sub-050,2,0.2222222222222222,1.0,0.0,0.05440589034466953,MI
sub-050,3,0.5555555555555556,0.3111111111111111,0.5947712418300654,0.18161510567723205,MI
sub-050,4,0.1111111111111111,1.0,0.0,0.07539325653594736,MI
sub-050,5,0.2222222222222222,0.8333333333333334,0.0021786492374727667,0.050721215446301045,MI
sub-050,6,0.3333333333333333,1.0,0.0,0.32315355346807345,MI
sub-050,7,0.16666666666666666,0.6666666666666666,0.004575163398692811,0.12675675153972407,MI
sub-050,8,0.38888888888888884,0.8571428571428571,0.006209150326797385,0.35172956286814494,MI
sub-050,9,0.2222222222222222,1.0,0.0,0.21815690935836074,MI
sub-050,10,0.2777777777777778,0.8,0.004357298474945533,0.062461126108627606,MI
sub-050,11,0.16666666666666666,1.0,0.0,0.042665979682342925,MI
sub-050,12,0.2777777777777778,0.6,0.013071895424836602,0.06149582727998473,MI
sub-050,13,0.2222222222222222,0.8333333333333334,0.0021786492374727667,0.05072121544630099,MI
sub-050,14,0.3333333333333333,1.0,0.0,0.3231535534680734,MI
sub-050,15,0.38888888888888884,0.8571428571428571,0.006209150326797385,0.35172956286814483,MI
sub-050,16,0.38888888888888884,0.8571428571428571,0.006209150326797385,0.3517295628681449,MI
sub-050,17,0.5,0.5,0.2928104575163399,0.3734223051215362,MI
sub-050,18,0.5,0.5555555555555556,0.2656862745098039,0.3921226776975906,MI
sub-051,0,0.5,0.8333333333333334,0.00736072206660442,,MI
sub-051,1,0.38888888888888884,0.9047619047619048,0.0026143790849673205,,MI
sub-051,2,0.2777777777777778,1.0,0.0,,MI
sub-051,3,0.5555555555555556,0.7555555555555555,0.015748521630874576,,MI
sub-051,4,0.0,0.0,0.0,,MI
sub-051,5,0.0,0.0,0.0,,MI
sub-051,6,0.0,0.0,0.0,,MI
sub-051,7,0.05555555555555555,0.0,0.0,,MI
sub-051,8,0.4444444444444444,0.8571428571428571,0.004901960784313725,,MI
sub-051,9,0.3333333333333333,0.9333333333333333,0.0009337068160597572,,MI
sub-051,10,0.5555555555555556,0.7555555555555555,0.01705571117335823,,MI
sub-051,11,0.5,0.7777777777777778,0.011328976034858386,,MI
sub-051,12,0.5,0.8333333333333334,0.007142857142857143,,MI
sub-051,13,0.611111111111111,0.7090909090909091,0.024680983504512918,,MI
sub-051,14,0.3333333333333333,1.0,0.0,,MI
sub-051,15,0.5555555555555556,0.7777777777777778,0.012807345160286338,,MI
sub-051,16,0.05555555555555555,0.0,0.0,,MI
sub-051,17,0.1111111111111111,0.0,0.006535947712418301,,MI
sub-051,18,0.0,0.0,0.0,,MI
sub-052,0,0.1111111111111111,0.0,0.09803921568627451,,MI
sub-052,1,0.05555555555555555,0.0,0.0,,MI
sub-052,2,0.3333333333333333,0.8666666666666667,0.008061002178649239,,MI
sub-052,3,0.0,0.0,0.0,,MI
sub-052,4,0.5,0.6388888888888888,0.037037037037037035,,MI
sub-052,5,0.0,0.0,0.0,,MI
sub-052,6,0.1111111111111111,1.0,0.0,,MI
sub-052,7,0.2222222222222222,1.0,0.0,,MI
sub-052,8,0.3333333333333333,0.8666666666666667,0.008061002178649239,,MI
sub-052,9,0.3333333333333333,0.8,0.007625272331154683,,MI
sub-052,10,0.38888888888888884,0.6666666666666666,0.1848583877995643,,MI
sub-052,11,0.16666666666666666,1.0,0.0,,MI
sub-052,12,0.5,0.5833333333333334,0.06209150326797384,,MI
sub-052,13,0.6666666666666666,0.48484848484848486,0.12766884531590417,,MI
sub-052,14,0.6666666666666666,0.4696969696969697,0.13507625272331159,,MI
sub-052,15,0.5555555555555556,0.6,0.08692810457516342,,MI
sub-052,16,0.38888888888888884,0.7619047619047619,0.01579520697167756,,MI
sub-052,17,0.2777777777777778,1.0,0.0,,MI
sub-052,18,0.16666666666666666,1.0,0.0,,MI
sub-053,0,0.05555555555555555,0.0,0.0,,MI
sub-053,1,0.5555555555555556,0.7777777777777778,0.06608569353667394,,MI
sub-053,2,0.0,0.0,0.0,,MI
sub-053,3,0.0,0.0,0.0,,MI
sub-053,4,0.0,0.0,0.0,,MI
sub-053,5,0.0,0.0,0.0,,MI
sub-053,6,0.5555555555555556,0.8888888888888888,0.00617283950617284,,MI
sub-053,7,0.3333333333333333,0.9333333333333333,0.0007262164124909223,,MI
sub-053,8,0.5,0.9722222222222222,0.0007262164124909223,,MI
sub-053,9,0.5555555555555556,0.8888888888888888,0.00617283950617284,,MI
sub-053,10,0.0,0.0,0.0,,MI
sub-053,11,0.5,0.8888888888888888,0.0054466230936819175,,MI
sub-053,12,0.05555555555555555,0.0,0.0,,MI
sub-053,13,0.05555555555555555,0.0,0.0,,MI
sub-053,14,0.5555555555555556,0.8888888888888888,0.00617283950617284,,MI
sub-053,15,0.5555555555555556,0.8888888888888888,0.00617283950617284,,MI
sub-053,16,0.5,0.9722222222222222,0.0007262164124909223,,MI
sub-053,17,0.5,0.9722222222222222,0.0007262164124909223,,MI
sub-053,18,0.5,0.8888888888888888,0.0054466230936819175,,MI
sub-054,0,0.2222222222222222,0.6666666666666666,0.022796593384828683,0.03995707274796519,MI
sub-054,1,0.16666666666666666,0.3333333333333333,0.044880174291938996,0.0591889117570684,MI
sub-054,2,0.3333333333333333,0.9333333333333333,0.004357298474945534,0.33670927492789476,MI
sub-054,3,0.3333333333333333,0.6666666666666666,0.08425430778371955,0.29545422528351845,MI
sub-054,4,0.2777777777777778,0.7,0.02220241632006338,0.05198091708388372,MI
sub-054,5,0.38888888888888884,0.38095238095238093,0.297791641909289,0.1063396526105563,MI
sub-054,6,0.3333333333333333,0.5333333333333333,0.06991483462071697,0.06564812024597834,MI
sub-054,7,0.2777777777777778,0.5,0.05174291938997821,0.0642971297104113,MI
sub-054,8,0.2222222222222222,0.5,0.05490196078431373,0.1003428258720282,MI
sub-054,9,0.2222222222222222,0.5,0.05462467815408992,0.14433777106393048,MI
sub-054,10,0.3333333333333333,0.9333333333333333,0.004357298474945534,0.33670927492789476,MI
sub-054,11,0.2222222222222222,0.6666666666666666,0.022796593384828683,0.03995707274796516,MI
sub-054,12,0.4444444444444444,0.6071428571428571,0.24934640522875823,0.3834777418532897,MI
sub-054,13,0.2777777777777778,0.6,0.03897801544860368,0.047916915039434474,MI
sub-054,14,0.4444444444444444,0.5357142857142857,0.10098039215686276,0.36207811401087303,MI
sub-054,15,0.4444444444444444,0.6428571428571429,0.06377500495147553,0.3886532788203465,MI
sub-054,16,0.38888888888888884,0.8095238095238095,0.011982570806100216,0.36899374039344873,MI
sub-054,17,0.2222222222222222,0.8333333333333334,0.009467221231927113,0.04545438958125999,MI
sub-054,18,0.2222222222222222,1.0,0.0,0.23702834136293685,MI
sub-055,0,0.3333333333333333,0.9333333333333333,0.010893246187363832,,MI
sub-055,1,0.3333333333333333,0.9333333333333333,0.010893246187363832,,MI
sub-055,2,0.2777777777777778,1.0,0.0,,MI
sub-055,3,0.3333333333333333,0.8666666666666667,0.027233115468409588,,MI
sub-055,4,0.0,0.0,0.0,,MI
sub-055,5,0.2777777777777778,0.6,0.4575163398692811,,MI
sub-055,6,0.2222222222222222,1.0,0.0,,MI
sub-055,7,0.1111111111111111,1.0,0.0,,MI
sub-055,8,0.3333333333333333,0.8,0.04357298474945535,,MI
sub-055,9,0.2777777777777778,0.9,0.0016339869281045752,,MI
sub-055,10,0.4444444444444444,0.7857142857142857,0.03311546840958605,,MI
sub-055,11,0.38888888888888884,0.8095238095238095,0.0058823529411764705,,MI
sub-055,12,0.4444444444444444,0.7857142857142857,0.03311546840958605,,MI
sub-055,13,0.4444444444444444,0.7857142857142857,0.03311546840958605,,MI
sub-055,14,0.38888888888888884,0.6190476190476191,0.09259259259259257,,MI
sub-055,15,0.2777777777777778,0.9,0.01797385620915033,,MI
sub-055,16,0.38888888888888884,0.6190476190476191,0.473202614379085,,MI
sub-055,17,0.1111111111111111,0.0,0.47058823529411764,,MI
sub-055,18,0.38888888888888884,0.6190476190476191,0.09259259259259257,,MI
sub-056,0,0.3333333333333333,0.4,0.1796197266785502,,MI
sub-056,1,0.16666666666666666,1.0,0.0,,MI
sub-056,2,0.0,0.0,0.0,,MI
sub-056,3,0.16666666666666666,1.0,0.0,,MI
sub-056,4,0.38888888888888884,0.8095238095238095,0.01721132897603486,,MI
sub-056,5,0.3333333333333333,0.4,0.09180035650623886,,MI
sub-056,6,0.5,0.6388888888888888,0.04557338086749851,,MI
sub-056,7,0.1111111111111111,1.0,0.0,,MI
sub-056,8,0.3333333333333333,1.0,0.0,,MI
sub-056,9,0.2777777777777778,1.0,0.0,,MI
sub-056,10,0.5,0.6388888888888888,0.07078629431570607,,MI
sub-056,11,0.16666666666666666,1.0,0.0,,MI
sub-056,12,0.2222222222222222,0.6666666666666666,0.029233511586452765,,MI
sub-056,13,0.16666666666666666,1.0,0.0,,MI
sub-056,14,0.5,0.5833333333333334,0.12448009506833037,,MI
sub-056,15,0.16666666666666666,1.0,0.0,,MI
sub-056,16,0.3333333333333333,0.4,0.07243018419489008,,MI
sub-056,17,0.5555555555555556,0.5555555555555556,0.12133095662507427,,MI
sub-056,18,0.5555555555555556,0.5111111111111111,0.15603089720736782,,MI
sub-057,0,0.3333333333333333,0.6,0.021241830065359478,,MI
sub-057,1,0.38888888888888884,0.5714285714285714,0.0332244008714597,,MI
sub-057,2,0.38888888888888884,0.5238095238095238,0.025236020334059552,,MI
sub-057,3,0.2777777777777778,0.7,0.01721132897603486,,MI
sub-057,4,0.2777777777777778,0.5,0.05809731299927379,,MI
sub-057,5,0.38888888888888884,0.3333333333333333,0.13144517066085692,,MI
sub-057,6,0.2777777777777778,0.7,0.010348583877995643,,MI
sub-057,7,0.2222222222222222,0.6666666666666666,0.009694989106753812,,MI
sub-057,8,0.3333333333333333,0.8,0.008714596949891067,,MI
sub-057,9,0.38888888888888884,0.5714285714285714,0.11220043572984749,,MI
sub-057,10,0.3333333333333333,0.8,0.008714596949891067,,MI
sub-057,11,0.05555555555555555,0.0,0.0,,MI
sub-057,12,0.6666666666666666,0.4090909090909091,0.24611474219317359,,MI
sub-057,13,0.38888888888888884,0.5238095238095238,0.12421931735657227,,MI
sub-057,14,0.4444444444444444,0.5714285714285714,0.04811183732752361,,MI
sub-057,15,0.16666666666666666,0.3333333333333333,0.022875816993464054,,MI
sub-057,16,0.2222222222222222,0.3333333333333333,0.021350762527233117,,MI
sub-057,17,0.0,0.0,0.0,,MI
sub-057,18,0.2222222222222222,0.6666666666666666,0.009694989106753812,,MI
sub-058,0,0.2222222222222222,1.0,0.0,,MI
sub-058,1,0.2777777777777778,0.9,0.0016339869281045752,,MI
sub-058,2,0.38888888888888884,0.5238095238095238,0.10702614379084968,,MI
sub-058,3,0.38888888888888884,0.7619047619047619,0.009259259259259259,,MI
sub-058,4,0.5555555555555556,0.6,0.07532679738562091,,MI
sub-058,5,0.3333333333333333,0.4,0.14596949891067537,,MI
sub-058,6,0.0,0.0,0.0,,MI
sub-058,7,0.38888888888888884,0.8095238095238095,0.014923747276688453,,MI
sub-058,8,0.1111111111111111,1.0,0.0,,MI
sub-058,9,0.2222222222222222,1.0,0.0,,MI
sub-058,10,0.16666666666666666,1.0,0.0,,MI
sub-058,11,0.0,0.0,0.0,,MI
sub-058,12,0.5,0.5,0.22739651416122003,,MI
sub-058,13,0.4444444444444444,0.75,0.025762527233115468,,MI
sub-058,14,0.5,0.6666666666666666,0.052723311546840956,,MI
sub-058,15,0.05555555555555555,0.0,0.0,,MI
sub-058,16,0.611111111111111,0.5454545454545454,0.1371459694989107,,MI
sub-058,17,0.2222222222222222,0.6666666666666666,0.0392156862745098,,MI
sub-058,18,0.38888888888888884,0.8095238095238095,0.0067538126361655765,,MI
sub-059,0,0.4444444444444444,0.6785714285714286,0.040196078431372545,,MI
sub-059,1,0.2777777777777778,1.0,0.0,,MI
sub-059,2,0.5555555555555556,0.6444444444444445,0.04498910675381263,,MI
sub-059,3,0.16666666666666666,0.3333333333333333,0.10457516339869281,,MI
sub-059,4,0.6666666666666666,0.5,0.15718954248366016,,MI
sub-059,5,0.2777777777777778,1.0,0.0,,MI
sub-059,6,0.38888888888888884,0.7142857142857143,0.04030501089324619,,MI
sub-059,7,0.0,0.0,0.0,,MI
sub-059,8,0.3333333333333333,0.4,0.13616557734204796,,MI
sub-059,9,0.05555555555555555,0.0,0.0,,MI
sub-059,10,0.05555555555555555,0.0,0.0,,MI
sub-059,11,0.1111111111111111,1.0,0.0,,MI
sub-059,12,0.611111111111111,0.5454545454545454,0.10925925925925925,,MI
sub-059,13,0.611111111111111,0.4909090909090909,0.20762527233115474,,MI
sub-059,14,0.2777777777777778,0.6,0.10457516339869281,,MI
sub-059,15,0.3333333333333333,0.8,0.011982570806100218,,MI
sub-059,16,0.1111111111111111,1.0,0.0,,MI
sub-059,17,0.4444444444444444,0.7857142857142857,0.010457516339869282,,MI
sub-059,18,0.05555555555555555,0.0,0.0,,MI
sub-060,0,0.38888888888888884,0.7142857142857143,0.09150326797385622,,MI
sub-060,1,0.05555555555555555,0.0,0.0,,MI
sub-060,2,0.5,0.8333333333333334,0.011546840958605666,,MI
sub-060,3,0.4444444444444444,0.8928571428571429,0.003921568627450981,,MI
sub-060,4,0.611111111111111,0.6181818181818182,0.08727046374105198,,MI
sub-060,5,0.4444444444444444,0.8214285714285714,0.01649548708372238,,MI
sub-060,6,0.0,0.0,0.0,,MI
sub-060,7,0.16666666666666666,1.0,0.0,,MI
sub-060,8,0.1111111111111111,1.0,0.0,,MI
sub-060,9,0.0,0.0,0.0,,MI
sub-060,10,0.4444444444444444,0.9285714285714286,0.004357298474945533,,MI
sub-060,11,0.0,0.0,0.0,,MI
sub-060,12,0.5555555555555556,0.7111111111111111,0.0964207905384376,,MI
sub-060,13,0.5555555555555556,0.7111111111111111,0.0964207905384376,,MI
sub-060,14,0.2777777777777778,0.4,0.16993464052287582,,MI
sub-060,15,0.1111111111111111,1.0,0.0,,MI
sub-060,16,0.5555555555555556,0.6666666666666666,0.060286336756925,,MI
sub-060,17,0.3333333333333333,0.8,0.026330532212885154,,MI
sub-060,18,0.2222222222222222,0.8333333333333334,0.0021786492374727667,,MI
sub-061,0,0.0,0.0,0.0,,MI
sub-061,1,0.0,0.0,0.0,,MI
sub-061,2,0.4444444444444444,0.5714285714285714,0.12091503267973856,,MI
sub-061,3,0.38888888888888884,0.7619047619047619,0.03594771241830066,,MI
sub-061,4,0.611111111111111,0.6727272727272727,0.05043572984749456,,MI
sub-061,5,0.5555555555555556,0.7555555555555555,0.029193899782135078,,MI
sub-061,6,0.2222222222222222,1.0,0.0,,MI
sub-061,7,0.3333333333333333,1.0,0.0,,MI
sub-061,8,0.5,0.7777777777777778,0.011655773420479302,,MI
sub-061,9,0.0,0.0,0.0,,MI
sub-061,10,0.05555555555555555,0.0,0.0,,MI
sub-061,11,0.0,0.0,0.0,,MI
sub-061,12,0.05555555555555555,0.0,0.0,,MI
sub-061,13,0.38888888888888884,0.9523809523809523,0.0010893246187363833,,MI
sub-061,14,0.4444444444444444,0.8571428571428571,0.010457516339869282,,MI
sub-061,15,0.1111111111111111,1.0,0.0,,MI
sub-061,16,0.5,0.7777777777777778,0.011655773420479302,,MI
sub-061,17,0.6666666666666666,0.5606060606060606,0.13540305010893244,,MI
sub-061,18,0.5,0.8055555555555556,0.018082788671023965,,MI
sub-062,0,0.16666666666666666,0.3333333333333333,0.004357298474945533,,MI
sub-062,1,0.16666666666666666,0.3333333333333333,0.010294117647058823,,MI
sub-062,2,0.4444444444444444,0.8571428571428571,0.006761593526299409,,MI
sub-062,3,0.4444444444444444,0.5714285714285714,0.0710239651416122,,MI
sub-062,4,0.2777777777777778,0.8,0.0077419856831621526,,MI
sub-062,5,0.5,0.6944444444444444,0.06449579831932772,,MI
sub-062,6,0.16666666666666666,1.0,0.0,,MI
sub-062,7,0.611111111111111,0.5636363636363636,0.09457671957671958,,MI
sub-062,8,0.5,0.5555555555555556,0.06437908496732025,,MI
sub-062,9,0.0,0.0,0.0,,MI
sub-062,10,0.4444444444444444,0.8571428571428571,0.006761593526299409,,MI
sub-062,11,0.38888888888888884,0.7619047619047619,0.027233115468409584,,MI
sub-062,12,0.0,0.0,0.0,,MI
sub-062,13,0.0,0.0,0.0,,MI
sub-062,14,0.38888888888888884,0.47619047619047616,0.05311235605353253,,MI
sub-062,15,0.1111111111111111,1.0,0.0,,MI
sub-062,16,0.5555555555555556,0.5333333333333333,0.09230469965764082,,MI
sub-062,17,0.16666666666666666,1.0,0.0,,MI
sub-062,18,0.4444444444444444,0.8571428571428571,0.006761593526299409,,MI
sub-063,0,0.3333333333333333,0.7333333333333333,0.009477124183006535,,MI
sub-063,1,0.3333333333333333,0.8,0.008387799564270153,,MI
sub-063,2,0.5,0.4444444444444444,0.15463741051976346,,MI
sub-063,3,0.38888888888888884,0.5238095238095238,0.10410830999066295,,MI
sub-063,4,0.2777777777777778,0.6,0.039542483660130724,,MI
sub-063,5,0.3333333333333333,0.7333333333333333,0.007625272331154683,,MI
sub-063,6,0.2222222222222222,1.0,0.0,,MI
sub-063,7,0.2777777777777778,0.7,0.013071895424836602,,MI
sub-063,8,0.2777777777777778,0.9,0.0016339869281045752,,MI
sub-063,9,0.2222222222222222,1.0,0.0,,MI
sub-063,10,0.3333333333333333,0.6666666666666666,0.04245253657018362,,MI
sub-063,11,0.2777777777777778,0.8,0.006535947712418301,,MI
sub-063,12,0.0,0.0,0.0,,MI
sub-063,13,0.38888888888888884,0.6190476190476191,0.06907874260815437,,MI
sub-063,14,0.1111111111111111,0.0,0.01383442265795207,,MI
sub-063,15,0.5555555555555556,0.4222222222222222,0.21864301276065984,,MI
sub-063,16,0.5555555555555556,0.4666666666666667,0.23145035792094618,,MI
sub-063,17,0.05555555555555555,0.0,0.0,,MI
sub-063,18,0.3333333333333333,0.7333333333333333,0.007625272331154683,,MI
sub-064,0,0.1111111111111111,0.0,0.09150326797385622,,MI
sub-064,1,0.05555555555555555,0.0,0.0,,MI
sub-064,2,0.2777777777777778,0.9,0.0021786492374727667,,MI
sub-064,3,0.0,0.0,0.0,,MI
sub-064,4,0.2222222222222222,1.0,0.0,,MI
sub-064,5,0.38888888888888884,0.9523809523809523,0.0010893246187363833,,MI
sub-064,6,0.0,0.0,0.0,,MI
sub-064,7,0.3333333333333333,0.8,0.011002178649237472,,MI
sub-064,8,0.5,0.6388888888888888,0.046405228758169936,,MI
sub-064,9,0.2222222222222222,1.0,0.0,,MI
sub-064,10,0.5555555555555556,0.6,0.19139433551198257,,MI
sub-064,11,0.0,0.0,0.0,,MI
sub-064,12,0.5555555555555556,0.6444444444444445,0.0673202614379085,,MI
sub-064,13,0.1111111111111111,1.0,0.0,,MI
sub-064,14,0.5555555555555556,0.6666666666666666,0.048257080610021784,,MI
sub-064,15,0.611111111111111,0.5636363636363636,0.09564270152505447,,MI
sub-064,16,0.3333333333333333,0.8666666666666667,0.00392156862745098,,MI
sub-064,17,0.5,0.6666666666666666,0.04923747276688454,,MI
sub-064,18,0.4444444444444444,0.8571428571428571,0.006427015250544663,,MI
sub-065,0,0.1111111111111111,1.0,0.0,,MI
sub-065,1,0.16666666666666666,0.6666666666666666,0.009477124183006535,,MI
sub-065,2,0.5555555555555556,0.35555555555555557,0.18037659508247741,,MI
sub-065,3,0.2222222222222222,0.8333333333333334,0.004084967320261438,,MI
sub-065,4,0.38888888888888884,0.8095238095238095,0.008442265795206972,,MI
sub-065,5,0.1111111111111111,1.0,0.0,,MI
sub-065,6,0.611111111111111,0.5636363636363636,0.08274198568316214,,MI
sub-065,7,0.611111111111111,0.38181818181818183,0.19217242452536576,,MI
sub-065,8,0.16666666666666666,0.6666666666666666,0.008714596949891067,,MI
sub-065,9,0.0,0.0,0.0,,MI
sub-065,10,0.2777777777777778,1.0,0.0,,MI
sub-065,11,0.1111111111111111,1.0,0.0,,MI
sub-065,12,0.2777777777777778,0.7,0.009150326797385621,,MI
sub-065,13,0.0,0.0,0.0,,MI
sub-065,14,0.38888888888888884,0.8571428571428571,0.014519140989729224,,MI
sub-065,15,0.5555555555555556,0.6222222222222222,0.05714285714285715,,MI
sub-065,16,0.5555555555555556,0.5777777777777777,0.09330843448490507,,MI
sub-065,17,0.3333333333333333,1.0,0.0,,MI
sub-065,18,0.3333333333333333,1.0,0.0,,MI
sub-066,0,0.16666666666666666,0.6666666666666666,0.004901960784313725,,MI
sub-066,1,0.0,0.0,0.0,,MI
sub-066,2,0.3333333333333333,0.6,0.033820935781720095,,MI
sub-066,3,0.611111111111111,0.509090909090909,0.18371719057993569,,MI
sub-066,4,0.05555555555555555,0.0,0.0,,MI
sub-066,5,0.5,0.5555555555555556,0.12966594045025417,,MI
sub-066,6,0.38888888888888884,0.7142857142857143,0.024743230625583566,,MI
sub-066,7,0.16666666666666666,1.0,0.0,,MI
sub-066,8,0.05555555555555555,0.0,0.0,,MI
sub-066,9,0.38888888888888884,0.6666666666666666,0.10644257703081232,,MI
sub-066,10,0.16666666666666666,1.0,0.0,,MI
sub-066,11,0.4444444444444444,0.75,0.02840024898848428,,MI
sub-066,12,0.38888888888888884,0.7619047619047619,0.017610748002904863,,MI
sub-066,13,0.611111111111111,0.5636363636363636,0.08222844693432926,,MI
sub-066,14,0.4444444444444444,0.8214285714285714,0.014067849361967009,,MI
sub-066,15,0.2222222222222222,0.8333333333333334,0.0018674136321195143,,MI
sub-066,16,0.1111111111111111,1.0,0.0,,MI
sub-066,17,0.6666666666666666,0.42424242424242425,0.21567071272953625,,MI
sub-066,18,0.05555555555555555,0.0,0.0,,MI
sub-067,0,0.05555555555555555,0.0,0.0,,MI
sub-067,1,0.05555555555555555,0.0,0.0,,MI
sub-067,2,0.5,0.6388888888888888,0.03333333333333333,,MI
sub-067,3,0.5,0.6944444444444444,0.05947712418300653,,MI
sub-067,4,0.1111111111111111,1.0,0.0,,MI
sub-067,5,0.0,0.0,0.0,,MI
sub-067,6,0.16666666666666666,1.0,0.0,,MI
sub-067,7,0.16666666666666666,0.6666666666666666,0.0032679738562091504,,MI
sub-067,8,0.1111111111111111,1.0,0.0,,MI
sub-067,9,0.611111111111111,0.5636363636363636,0.10479302832244007,,MI
sub-067,10,0.5,0.5555555555555556,0.05882352941176472,,MI
sub-067,11,0.5555555555555556,0.6666666666666666,0.061220043572984745,,MI
sub-067,12,0.1111111111111111,1.0,0.0,,MI
sub-067,13,0.16666666666666666,1.0,0.0,,MI
sub-067,14,0.5555555555555556,0.6444444444444445,0.06013071895424836,,MI
sub-067,15,0.38888888888888884,0.7619047619047619,0.0392156862745098,,MI
sub-067,16,0.2777777777777778,1.0,0.0,,MI
sub-067,17,0.4444444444444444,0.6071428571428571,0.12091503267973856,,MI
sub-067,18,0.5,0.7777777777777778,0.020915032679738564,,MI
sub-068,0,0.16666666666666666,1.0,0.0,,MI
sub-068,1,0.2222222222222222,0.8333333333333334,0.0021786492374727667,,MI
sub-068,2,0.6666666666666666,0.5606060606060606,0.09785247432306256,,MI
sub-068,3,0.16666666666666666,0.3333333333333333,0.08496732026143791,,MI
sub-068,4,0.5,0.8333333333333334,0.010146280734516028,,MI
sub-068,5,0.3333333333333333,0.8666666666666667,0.0032679738562091504,,MI
sub-068,6,0.4444444444444444,0.9285714285714286,0.0040460628695922814,,MI
sub-068,7,0.0,0.0,0.0,,MI
sub-068,8,0.0,0.0,0.0,,MI
sub-068,9,0.0,0.0,0.0,,MI
sub-068,10,0.5555555555555556,0.6666666666666666,0.04696545284780579,,MI
sub-068,11,0.5555555555555556,0.6666666666666666,0.03638344226579522,,MI
sub-068,12,0.4444444444444444,0.9285714285714286,0.0040460628695922814,,MI
sub-068,13,0.5,0.8333333333333334,0.010146280734516028,,MI
sub-068,14,0.3333333333333333,1.0,0.0,,MI
sub-068,15,0.0,0.0,0.0,,MI
sub-068,16,0.2777777777777778,0.7,0.031061313414254593,,MI
sub-068,17,0.5555555555555556,0.6444444444444445,0.12645502645502646,,MI
sub-068,18,0.05555555555555555,0.0,0.0,,MI
sub-069,0,0.05555555555555555,0.0,0.0,,MI
sub-069,1,0.2777777777777778,0.4,0.10784313725490197,,MI
sub-069,2,0.1111111111111111,1.0,0.0,,MI
sub-069,3,0.1111111111111111,1.0,0.0,,MI
sub-069,4,0.6666666666666666,0.5151515151515151,0.14313725490196083,,MI
sub-069,5,0.3333333333333333,1.0,0.0,,MI
sub-069,6,0.5555555555555556,0.6888888888888889,0.03327886710239652,,MI
sub-069,7,0.0,0.0,0.0,,MI
sub-069,8,0.05555555555555555,0.0,0.0,,MI
sub-069,9,0.16666666666666666,0.3333333333333333,0.09803921568627451,,MI
sub-069,10,0.0,0.0,0.0,,MI
sub-069,11,0.2777777777777778,1.0,0.0,,MI
sub-069,12,0.4444444444444444,0.7857142857142857,0.018790849673202614,,MI
sub-069,13,0.16666666666666666,1.0,0.0,,MI
sub-069,14,0.5555555555555556,0.6666666666666666,0.12576252723311548,,MI
sub-069,15,0.4444444444444444,0.8928571428571429,0.004302832244008715,,MI
sub-069,16,0.5555555555555556,0.6888888888888889,0.05381263616557735,,MI
sub-069,17,0.611111111111111,0.509090909090909,0.14531590413943354,,MI
sub-069,18,0.38888888888888884,0.7619047619047619,0.05403050108932461,,MI
sub-070,0,0.2222222222222222,0.6666666666666666,0.020043572984749455,,MI
sub-070,1,0.4444444444444444,0.8214285714285714,0.010348583877995643,,MI
sub-070,2,0.05555555555555555,0.0,0.0,,MI
sub-070,3,0.38888888888888884,0.3333333333333333,0.26111111111111107,,MI
sub-070,4,0.5555555555555556,0.6,0.12124183006535949,,MI
sub-070,5,0.16666666666666666,0.6666666666666666,0.006535947712418301,,MI
sub-070,6,0.4444444444444444,0.9285714285714286,0.0021786492374727667,,MI
sub-070,7,0.1111111111111111,0.0,0.006535947712418301,,MI
sub-070,8,0.2222222222222222,0.6666666666666666,0.028104575163398694,,MI
sub-070,9,0.4444444444444444,0.9285714285714286,0.0021786492374727667,,MI
sub-070,10,0.05555555555555555,0.0,0.0,,MI
sub-070,11,0.4444444444444444,0.9285714285714286,0.0021786492374727667,,MI
sub-070,12,0.3333333333333333,1.0,0.0,,MI
sub-070,13,0.05555555555555555,0.0,0.0,,MI
sub-070,14,0.4444444444444444,0.9285714285714286,0.0021786492374727667,,MI
sub-070,15,0.16666666666666666,0.6666666666666666,0.0032679738562091504,,MI
sub-070,16,0.16666666666666666,0.3333333333333333,0.09150326797385622,,MI
sub-070,17,0.5,0.7777777777777778,0.01906318082788671,,MI
sub-070,18,0.5555555555555556,0.6444444444444445,0.14901960784313725,,MI
sub-071,0,0.0,0.0,0.0,,MI
sub-071,1,0.05555555555555555,0.0,0.0,,MI
sub-071,2,0.1111111111111111,1.0,0.0,,MI
sub-071,3,0.3333333333333333,0.4666666666666667,0.137765983586417,,MI
sub-071,4,0.1111111111111111,1.0,0.0,,MI
sub-071,5,0.2222222222222222,0.8333333333333334,0.0013071895424836603,,MI
sub-071,6,0.05555555555555555,0.0,0.0,,MI
sub-071,7,0.4444444444444444,0.75,0.023843178951538084,,MI
sub-071,8,0.4444444444444444,0.7857142857142857,0.009368191721132898,,MI
sub-071,9,0.05555555555555555,0.0,0.0,,MI
sub-071,10,0.4444444444444444,0.7857142857142857,0.036351574122471954,,MI
sub-071,11,0.5,0.6944444444444444,0.07182178559887538,,MI
sub-071,12,0.16666666666666666,1.0,0.0,,MI
sub-071,13,0.5555555555555556,0.6,0.06128102490331594,,MI
sub-071,14,0.3333333333333333,0.6666666666666666,0.016304948348292003,,MI
sub-071,15,0.38888888888888884,0.8095238095238095,0.019268015552845272,,MI
sub-071,16,0.4444444444444444,0.35714285714285715,0.25112290530247183,,MI
sub-071,17,0.4444444444444444,0.6071428571428571,0.06361276036198636,,MI
sub-071,18,0.6666666666666666,0.4696969696969697,0.24259296488398654,,MI
sub-072,0,0.05555555555555555,0.0,0.0,,MI
sub-072,1,0.05555555555555555,0.0,0.0,,MI
sub-072,2,0.38888888888888884,0.42857142857142855,0.08243853096794274,,MI
sub-072,3,0.38888888888888884,0.5238095238095238,0.11312423959482783,,MI
sub-072,4,0.5,0.3888888888888889,0.18320035084740968,,MI
sub-072,5,0.3333333333333333,0.8,0.0077243018419489015,,MI
sub-072,6,0.2222222222222222,0.8333333333333334,0.005182072829131653,,MI
sub-072,7,0.3333333333333333,0.5333333333333333,0.044570353393882815,,MI
sub-072,8,0.3333333333333333,0.7333333333333333,0.015085023908553322,,MI
sub-072,9,0.2222222222222222,0.6666666666666666,0.011908298673004554,,MI
sub-072,10,0.4444444444444444,0.4642857142857143,0.085180941063294,,MI
sub-072,11,0.38888888888888884,0.6666666666666666,0.0347628950570127,,MI
sub-072,12,0.5,0.5277777777777778,0.07616854822737176,,MI
sub-072,13,0.3333333333333333,0.8666666666666667,0.011788048552754435,,MI
sub-072,14,0.38888888888888884,0.6666666666666666,0.020895226777579722,,MI
sub-072,15,0.3333333333333333,0.8666666666666667,0.011788048552754435,,MI
sub-072,16,0.2222222222222222,0.5,0.014592705769176359,,MI
sub-072,17,0.2777777777777778,0.8,0.007080610021786494,,MI
sub-072,18,0.05555555555555555,0.0,0.0,,MI
sub-073,0,0.38888888888888884,0.7619047619047619,0.026175669078482375,,MI
sub-073,1,0.16666666666666666,1.0,0.0,,MI
sub-073,2,0.4444444444444444,0.75,0.032258399457887964,,MI
sub-073,3,0.0,0.0,0.0,,MI
sub-073,4,0.5555555555555556,0.5555555555555556,0.10976184230659934,,MI
sub-073,5,0.5,0.75,0.027380362525290063,,MI
sub-073,6,0.4444444444444444,0.7857142857142857,0.019173449139348542,,MI
sub-073,7,0.4444444444444444,0.6071428571428571,0.04287312100611334,,MI
sub-073,8,0.16666666666666666,0.3333333333333333,0.012641691137002305,,MI
sub-073,9,0.2777777777777778,1.0,0.0,,MI
sub-073,10,0.2777777777777778,0.7,0.02324287202803827,,MI
sub-073,11,0.2222222222222222,0.5,0.008714596949891067,,MI
sub-073,12,0.0,0.0,0.0,,MI
sub-073,13,0.1111111111111111,1.0,0.0,,MI
sub-073,14,0.611111111111111,0.5636363636363636,0.109206007437039,,MI
sub-073,15,0.16666666666666666,0.6666666666666666,0.0021786492374727667,,MI
sub-073,16,0.4444444444444444,0.5357142857142857,0.11444223422058036,,MI
sub-073,17,0.0,0.0,0.0,,MI
sub-073,18,0.5555555555555556,0.6666666666666666,0.04711450416906512,,MI
sub-074,0,0.5555555555555556,0.7333333333333333,0.03291316526610645,,MI
sub-074,1,0.611111111111111,0.7090909090909091,0.0455026455026455,,MI
sub-074,2,0.0,0.0,0.0,,MI
sub-074,3,0.1111111111111111,1.0,0.0,,MI
sub-074,4,0.38888888888888884,0.9523809523809523,0.0009337068160597572,,MI
sub-074,5,0.0,0.0,0.0,,MI
sub-074,6,0.4444444444444444,0.75,0.028711484593837534,,MI
sub-074,7,0.1111111111111111,1.0,0.0,,MI
sub-074,8,0.5555555555555556,0.8444444444444444,0.008465608465608464,,MI
sub-074,9,0.0,0.0,0.0,,MI
sub-074,10,0.4444444444444444,0.9642857142857143,0.001478369125427949,,MI
sub-074,11,0.38888888888888884,1.0,0.0,,MI
sub-074,12,0.5555555555555556,0.8444444444444444,0.008465608465608464,,MI
sub-074,13,0.0,0.0,0.0,,MI
sub-074,14,0.5555555555555556,0.8444444444444444,0.008465608465608464,,MI
sub-074,15,0.0,0.0,0.0,,MI
sub-074,16,0.5555555555555556,0.8444444444444444,0.008465608465608464,,MI
sub-074,17,0.0,0.0,0.0,,MI
sub-074,18,0.5,0.75,0.03960473078120137,,MI
sub-075,0,0.0,0.0,0.0,,MI
sub-075,1,0.0,0.0,0.0,,MI
sub-075,2,0.16666666666666666,1.0,0.0,,MI
sub-075,3,0.05555555555555555,0.0,0.0,,MI
sub-075,4,0.6666666666666666,0.5909090909090909,0.06999688764394646,,MI
sub-075,5,0.38888888888888884,0.8571428571428571,0.0058823529411764705,,MI
sub-075,6,0.5555555555555556,0.7777777777777778,0.015530656707127296,,MI
sub-075,7,0.611111111111111,0.6,0.05664488017429194,,MI
sub-075,8,0.16666666666666666,1.0,0.0,,MI
sub-075,9,0.0,0.0,0.0,,MI
sub-075,10,0.4444444444444444,0.75,0.016775599128540306,,MI
sub-075,11,0.0,0.0,0.0,,MI
sub-075,12,0.4444444444444444,0.8571428571428571,0.005508870214752568,,MI
sub-075,13,0.0,0.0,0.0,,MI
sub-075,14,0.38888888888888884,0.9047619047619048,0.002396514161220044,,MI
sub-075,15,0.4444444444444444,0.8571428571428571,0.004419545596016185,,MI
sub-075,16,0.4444444444444444,0.6785714285714286,0.08067226890756302,,MI
sub-075,17,0.5555555555555556,0.7777777777777778,0.015530656707127296,,MI
sub-075,18,0.4444444444444444,0.75,0.014223467164643632,,MI
sub-076,0,0.0,0.0,0.0,,MI
sub-076,1,0.5,0.8611111111111112,0.00980392156862745,,MI
sub-076,2,0.4444444444444444,1.0,0.0,,MI
sub-076,3,0.5,0.9444444444444444,0.0018674136321195143,,MI
sub-076,4,0.2222222222222222,1.0,0.0,,MI
sub-076,5,0.5555555555555556,0.8222222222222222,0.01330532212885154,,MI
sub-076,6,0.0,0.0,0.0,,MI
sub-076,7,0.0,0.0,0.0,,MI
sub-076,8,0.0,0.0,0.0,,MI
sub-076,9,0.0,0.0,0.0,,MI
sub-076,10,0.5555555555555556,0.8222222222222222,0.01330532212885154,,MI
sub-076,11,0.2222222222222222,1.0,0.0,,MI
sub-076,12,0.611111111111111,0.7272727272727273,0.028555866791160907,,MI
sub-076,13,0.5555555555555556,0.8222222222222222,0.01384998443821973,,MI
sub-076,14,0.05555555555555555,0.0,0.0,,MI
sub-076,15,0.38888888888888884,1.0,0.0,,MI
sub-076,16,0.611111111111111,0.7272727272727273,0.028555866791160907,,MI
sub-076,17,0.5555555555555556,0.7555555555555555,0.07376283846872082,,MI
sub-076,18,0.0,0.0,0.0,,MI
sub-077,0,0.2777777777777778,1.0,0.0,,MI
sub-077,1,0.38888888888888884,0.8095238095238095,0.00782498184458969,,MI
sub-077,2,0.3333333333333333,0.8666666666666667,0.004066811909949165,,MI
sub-077,3,0.0,0.0,0.0,,MI
sub-077,4,0.5,0.6666666666666666,0.024553895632327,,MI
sub-077,5,0.5555555555555556,0.5111111111111111,0.0830480340284262,,MI
sub-077,6,0.0,0.0,0.0,,MI
sub-077,7,0.0,0.0,0.0,,MI
sub-077,8,0.3333333333333333,0.8666666666666667,0.0064711069613030405,,MI
sub-077,9,0.3333333333333333,0.9333333333333333,0.0010893246187363833,,MI
sub-077,10,0.5555555555555556,0.5777777777777777,0.04736487187467579,,MI
sub-077,11,0.0,0.0,0.0,,MI
sub-077,12,0.16666666666666666,1.0,0.0,,MI
sub-077,13,0.7222222222222222,0.44871794871794873,0.16815022305218383,,MI
sub-077,14,0.3333333333333333,0.8666666666666667,0.0064711069613030405,,MI
sub-077,15,0.2777777777777778,1.0,0.0,,MI
sub-077,16,0.38888888888888884,0.8571428571428571,0.004030501089324619,,MI
sub-077,17,0.38888888888888884,0.7142857142857143,0.01947816163502438,,MI
sub-077,18,0.2222222222222222,1.0,0.0,,MI
sub-078,0,0.4444444444444444,0.9642857142857143,0.007469654528478057,,MI
sub-078,1,0.1111111111111111,1.0,0.0,,MI
sub-078,2,0.4444444444444444,0.9642857142857143,0.007469654528478057,,MI
sub-078,3,0.5,0.75,0.11204481792717087,,MI
sub-078,4,0.2222222222222222,0.3333333333333333,0.4335511982570806,,MI
sub-078,5,0.2222222222222222,0.6666666666666666,0.005446623093681917,,MI
sub-078,6,0.4444444444444444,0.75,0.457516339869281,,MI
sub-078,7,0.05555555555555555,0.0,0.0,,MI
sub-078,8,0.16666666666666666,0.6666666666666666,0.026143790849673193,,MI
sub-078,9,0.1111111111111111,1.0,0.0,,MI
sub-078,10,0.5,0.7777777777777778,0.05648926237161531,,MI
sub-078,11,0.0,0.0,0.0,,MI
sub-078,12,0.4444444444444444,0.9642857142857143,0.007469654528478057,,MI
sub-078,13,0.3333333333333333,0.4666666666666667,0.12309368191721133,,MI
sub-078,14,0.4444444444444444,0.9642857142857143,0.007469654528478057,,MI
sub-078,15,0.38888888888888884,1.0,0.0,,MI
sub-078,16,0.16666666666666666,1.0,0.0,,MI
sub-078,17,0.2777777777777778,0.5,0.11111111111111109,,MI
sub-078,18,0.5,0.7777777777777778,0.05648926237161531,,MI
sub-079,0,0.0,0.0,0.0,,MI
sub-079,1,0.0,0.0,0.0,,MI
sub-079,2,0.4444444444444444,0.75,0.013507625272331153,,MI
sub-079,3,0.0,0.0,0.0,,MI
sub-079,4,0.5,0.9166666666666666,0.00326797385620915,,MI
sub-079,5,0.4444444444444444,1.0,0.0,,MI
sub-079,6,0.4444444444444444,1.0,0.0,,MI
sub-079,7,0.5555555555555556,0.8222222222222222,0.010784313725490196,,MI
sub-079,8,0.5,0.8055555555555556,0.022875816993464054,,MI
sub-079,9,0.0,0.0,0.0,,MI
sub-079,10,0.0,0.0,0.0,,MI
sub-079,11,0.0,0.0,0.0,,MI
sub-079,12,0.611111111111111,0.7090909090909091,0.03148148148148148,,MI
sub-079,13,0.16666666666666666,1.0,0.0,,MI
sub-079,14,0.6666666666666666,0.6060606060606061,0.07396514161220044,,MI
sub-079,15,0.2777777777777778,1.0,0.0,,MI
sub-079,16,0.5,0.9166666666666666,0.00326797385620915,,MI
sub-079,17,0.5555555555555556,0.8222222222222222,0.010784313725490196,,MI
sub-079,18,0.1111111111111111,1.0,0.0,,MI
sub-080,0,0.05555555555555555,0.0,0.0,,MI
sub-080,1,0.0,0.0,0.0,,MI
sub-080,2,0.38888888888888884,0.7142857142857143,0.0784313725490196,,MI
sub-080,3,0.16666666666666666,1.0,0.0,,MI
sub-080,4,0.0,0.0,0.0,,MI
sub-080,5,0.611111111111111,0.7090909090909091,0.05284780578898227,,MI
sub-080,6,0.5,0.8888888888888888,0.006224712107065048,,MI
sub-080,7,0.0,0.0,0.0,,MI
sub-080,8,0.5555555555555556,0.8222222222222222,0.01581076875194522,,MI
sub-080,9,0.5,0.8055555555555556,0.019296607531901648,,MI
sub-080,10,0.0,0.0,0.0,,MI
sub-080,11,0.05555555555555555,0.0,0.0,,MI
sub-080,12,0.5555555555555556,0.8222222222222222,0.01581076875194522,,MI
sub-080,13,0.5,0.7222222222222222,0.08278867102396516,,MI
sub-080,14,0.5555555555555556,0.8222222222222222,0.01581076875194522,,MI
sub-080,15,0.3333333333333333,1.0,0.0,,MI
sub-080,16,0.0,0.0,0.0,,MI
sub-080,17,0.4444444444444444,0.8214285714285714,0.010893246187363835,,MI
sub-080,18,0.5555555555555556,0.8222222222222222,0.01581076875194522,,MI
sub-081,0,0.2222222222222222,0.8333333333333334,0.0021786492374727667,,MI
sub-081,1,0.2777777777777778,0.7,0.0067538126361655765,,MI
sub-081,2,0.3333333333333333,0.8666666666666667,0.004901960784313725,,MI
sub-081,3,0.2777777777777778,0.8,0.01400560224089636,,MI
sub-081,4,0.5555555555555556,0.5555555555555556,0.3160215601392072,,MI
sub-081,5,0.2222222222222222,0.3333333333333333,0.27450980392156865,,MI
sub-081,6,0.16666666666666666,0.3333333333333333,0.10457516339869281,,MI
sub-081,7,0.5,0.6666666666666666,0.04247941600882778,,MI
sub-081,8,0.1111111111111111,1.0,0.0,,MI
sub-081,9,0.05555555555555555,0.0,0.0,,MI
sub-081,10,0.5555555555555556,0.6,0.06874487168604815,,MI
sub-081,11,0.05555555555555555,0.0,0.0,,MI
sub-081,12,0.4444444444444444,0.7142857142857143,0.033329089211442155,,MI
sub-081,13,0.2222222222222222,0.6666666666666666,0.03485838779956427,,MI
sub-081,14,0.2777777777777778,0.8,0.004456327985739751,,MI
sub-081,15,0.4444444444444444,0.6785714285714286,0.10718954248366012,,MI
sub-081,16,0.611111111111111,0.5636363636363636,0.09238321591262766,,MI
sub-081,17,0.0,0.0,0.0,,MI
sub-081,18,0.4444444444444444,0.75,0.030867498514557338,,MI
sub-082,0,0.4444444444444444,0.7857142857142857,0.02843137254901961,,MI
sub-082,1,0.0,0.0,0.0,,MI
sub-082,2,0.4444444444444444,0.9285714285714286,0.0021786492374727667,,MI
sub-082,3,0.5555555555555556,0.7333333333333333,0.05566448801742919,,MI
sub-082,4,0.611111111111111,0.6181818181818182,0.10860566448801744,,MI
sub-082,5,0.5555555555555556,0.3111111111111111,0.2803921568627451,,MI
sub-082,6,0.38888888888888884,1.0,0.0,,MI
sub-082,7,0.1111111111111111,1.0,0.0,,MI
sub-082,8,0.38888888888888884,1.0,0.0,,MI
sub-082,9,0.0,0.0,0.0,,MI
sub-082,10,0.4444444444444444,0.9285714285714286,0.0021786492374727667,,MI
sub-082,11,0.4444444444444444,0.9285714285714286,0.0021786492374727667,,MI
sub-082,12,0.5555555555555556,0.7333333333333333,0.05566448801742919,,MI
sub-082,13,0.3333333333333333,0.7333333333333333,0.029411764705882353,,MI
sub-082,14,0.1111111111111111,1.0,0.0,,MI
sub-082,15,0.0,0.0,0.0,,MI
sub-082,16,0.1111111111111111,1.0,0.0,,MI
sub-082,17,0.16666666666666666,0.6666666666666666,0.01045751633986928,,MI
sub-082,18,0.1111111111111111,1.0,0.0,,MI
sub-083,0,0.4444444444444444,0.6428571428571429,0.0836634317026474,,MI
sub-083,1,0.1111111111111111,0.0,0.01799979250959643,,MI
sub-083,2,0.38888888888888884,0.6666666666666666,0.04441455421847579,,MI
sub-083,3,0.3333333333333333,1.0,0.0,,MI
sub-083,4,0.5555555555555556,0.6,0.08981704569939863,,MI
sub-083,5,0.3333333333333333,0.6,0.03039574804280687,,MI
sub-083,6,0.38888888888888884,0.5714285714285714,0.07872447088133362,,MI
sub-083,7,0.38888888888888884,0.7619047619047619,0.05718116306351601,,MI
sub-083,8,0.5555555555555556,0.6,0.08981704569939863,,MI
sub-083,9,0.38888888888888884,0.7142857142857143,0.03861109841501999,,MI
sub-083,10,0.0,0.0,0.0,,MI
sub-083,11,0.2222222222222222,0.5,0.025988173046996577,,MI
sub-083,12,0.38888888888888884,0.6666666666666666,0.041665886763925984,,MI
sub-083,13,0.0,0.0,0.0,,MI
sub-083,14,0.5,0.6111111111111112,0.13047975989152458,,MI
sub-083,15,0.16666666666666666,0.3333333333333333,0.09803921568627451,,MI
sub-083,16,0.2222222222222222,0.8333333333333334,0.0032679738562091504,,MI
sub-083,17,0.05555555555555555,0.0,0.0,,MI
sub-083,18,0.3333333333333333,1.0,0.0,,MI
sub-084,0,0.3333333333333333,1.0,0.0,,MI
sub-084,1,0.38888888888888884,0.9523809523809523,0.00326797385620915,,MI
sub-084,2,0.1111111111111111,1.0,0.0,,MI
sub-084,3,0.0,0.0,0.0,,MI
sub-084,4,0.1111111111111111,1.0,0.0,,MI
sub-084,5,0.0,0.0,0.0,,MI
sub-084,6,0.4444444444444444,0.9642857142857143,0.0028011204481792713,,MI
sub-084,7,0.5555555555555556,0.8222222222222222,0.013476501711795829,,MI
sub-084,8,0.38888888888888884,1.0,0.0,,MI
sub-084,9,0.05555555555555555,0.0,0.0,,MI
sub-084,10,0.5555555555555556,0.8222222222222222,0.013476501711795829,,MI
sub-084,11,0.5555555555555556,0.8222222222222222,0.013476501711795829,,MI
sub-084,12,0.5555555555555556,0.8222222222222222,0.013476501711795829,,MI
sub-084,13,0.5,0.7222222222222222,0.1328976034858388,,MI
sub-084,14,0.5555555555555556,0.8222222222222222,0.013476501711795829,,MI
sub-084,15,0.4444444444444444,0.9642857142857143,0.0028011204481792713,,MI
sub-084,16,0.1111111111111111,1.0,0.0,,MI
sub-084,17,0.0,0.0,0.0,,MI
sub-084,18,0.1111111111111111,0.0,0.07189542483660132,,MI
sub-085,0,0.05555555555555555,0.0,0.0,,MI
sub-085,1,0.05555555555555555,0.0,0.0,,MI
sub-085,2,0.5,0.7222222222222222,0.03572984749455337,,MI
sub-085,3,0.38888888888888884,0.6666666666666666,0.03333333333333333,,MI
sub-085,4,0.5,0.7222222222222222,0.03572984749455337,,MI
sub-085,5,0.1111111111111111,1.0,0.0,,MI
sub-085,6,0.5555555555555556,0.5777777777777777,0.08899782135076252,,MI
sub-085,7,0.2777777777777778,1.0,0.0,,MI
sub-085,8,0.2777777777777778,1.0,0.0,,MI
sub-085,9,0.5,0.6388888888888888,0.05522875816993464,,MI
sub-085,10,0.0,0.0,0.0,,MI
sub-085,11,0.0,0.0,0.0,,MI
sub-085,12,0.38888888888888884,0.7142857142857143,0.04030501089324619,,MI
sub-085,13,0.38888888888888884,0.8095238095238095,0.018627450980392157,,MI
sub-085,14,0.5555555555555556,0.6,0.08965141612200438,,MI
sub-085,15,0.2777777777777778,1.0,0.0,,MI
sub-085,16,0.1111111111111111,1.0,0.0,,MI
sub-085,17,0.38888888888888884,0.7142857142857143,0.04030501089324619,,MI
sub-085,18,0.4444444444444444,0.6785714285714286,0.0392156862745098,,MI
sub-086,0,0.2777777777777778,0.8,0.004629629629629629,,MI
sub-086,1,0.38888888888888884,0.6190476190476191,0.023148148148148143,,MI
sub-086,2,0.3333333333333333,0.4666666666666667,0.048366013071895426,,MI
sub-086,3,0.3333333333333333,0.4666666666666667,0.03666355431061313,,MI
sub-086,4,0.5,0.3888888888888889,0.1353096794273265,,MI
sub-086,5,0.2222222222222222,0.6666666666666666,0.014052287581699347,,MI
sub-086,6,0.16666666666666666,0.6666666666666666,0.0029956427015250544,,MI
sub-086,7,0.3333333333333333,0.4666666666666667,0.056372549019607844,,MI
sub-086,8,0.3333333333333333,0.4,0.06465919701213818,,MI
sub-086,9,0.38888888888888884,0.5714285714285714,0.04533146591970122,,MI
sub-086,10,0.5,0.5555555555555556,0.04070183629007159,,MI
sub-086,11,0.4444444444444444,0.6071428571428571,0.027513227513227514,,MI
sub-086,12,0.0,0.0,0.0,,MI
sub-086,13,0.38888888888888884,0.6190476190476191,0.02494553376906318,,MI
sub-086,14,0.2222222222222222,0.5,0.016557734204793027,,MI
sub-086,15,0.38888888888888884,0.47619047619047616,0.058629007158418935,,MI
sub-086,16,0.3333333333333333,0.4666666666666667,0.03972144413320884,,MI
sub-086,17,0.2222222222222222,0.5,0.007461873638344226,,MI
sub-086,18,0.0,0.0,0.0,,MI
sub-087,0,0.05555555555555555,0.0,0.0,,MI
sub-087,1,0.05555555555555555,0.0,0.0,,MI
sub-087,2,0.5,0.8333333333333334,0.015250544662309367,,MI
sub-087,3,0.05555555555555555,0.0,0.0,,MI
sub-087,4,0.611111111111111,0.7090909090909091,0.042211328976034856,,MI
sub-087,5,0.0,0.0,0.0,,MI
sub-087,6,0.16666666666666666,1.0,0.0,,MI
sub-087,7,0.0,0.0,0.0,,MI
sub-087,8,0.5,0.9722222222222222,0.0008169934640522876,,MI
sub-087,9,0.0,0.0,0.0,,MI
sub-087,10,0.16666666666666666,1.0,0.0,,MI
sub-087,11,0.0,0.0,0.0,,MI
sub-087,12,0.5555555555555556,0.8222222222222222,0.019335511982570806,,MI
sub-087,13,0.5,0.9722222222222222,0.0008169934640522876,,MI
sub-087,14,0.5,0.9722222222222222,0.0008169934640522876,,MI
sub-087,15,0.5,0.8333333333333334,0.013071895424836602,,MI
sub-087,16,0.5,0.9722222222222222,0.0008169934640522876,,MI
sub-087,17,0.5,0.9722222222222222,0.0008169934640522876,,MI
sub-087,18,0.611111111111111,0.6727272727272727,0.08905228758169932,,MI
sub-088,0,0.05555555555555555,0.0,0.0,,MI
sub-088,1,0.0,0.0,0.0,,MI
sub-088,2,0.38888888888888884,0.9047619047619048,0.0058823529411764705,,MI
sub-088,3,0.5,0.6944444444444444,0.04399574644672684,,MI
sub-088,4,0.2777777777777778,0.8,0.006224712107065048,,MI
sub-088,5,0.05555555555555555,0.0,0.0,,MI
sub-088,6,0.4444444444444444,0.5357142857142857,0.061033302209772794,,MI
sub-088,7,0.5,0.4166666666666667,0.18221288515406164,,MI
sub-088,8,0.1111111111111111,1.0,0.0,,MI
sub-088,9,0.2777777777777778,0.8,0.01423384168482208,,MI
sub-088,10,0.3333333333333333,0.9333333333333333,0.004793028322440087,,MI
sub-088,11,0.4444444444444444,0.75,0.01949631704533665,,MI
sub-088,12,0.5555555555555556,0.5777777777777777,0.11366843033509699,,MI
sub-088,13,0.2222222222222222,0.5,0.09803921568627451,,MI
sub-088,14,0.5,0.7222222222222222,0.04176781823840648,,MI
sub-088,15,0.05555555555555555,0.0,0.0,,MI
sub-088,16,0.4444444444444444,0.6071428571428571,0.1042483660130719,,MI
sub-088,17,0.0,0.0,0.0,,MI
sub-088,18,0.611111111111111,0.6,0.0887177093059446,,MI
